/*
Navicat MySQL Data Transfer

Source Server         : testdate
Source Server Version : 50642
Source Host           : localhost:3306
Source Database       : ssm_crud

Target Server Type    : MYSQL
Target Server Version : 50642
File Encoding         : 65001

Date: 2019-06-15 17:05:15
*/

SET FOREIGN_KEY_CHECKS=0;

-- ----------------------------
-- Table structure for `tbl_dept`
-- ----------------------------
DROP TABLE IF EXISTS `tbl_dept`;
CREATE TABLE `tbl_dept` (
  `dept_id` int(11) NOT NULL AUTO_INCREMENT,
  `dept_name` varchar(255) NOT NULL,
  PRIMARY KEY (`dept_id`)
) ENGINE=InnoDB AUTO_INCREMENT=3 DEFAULT CHARSET=utf8;

-- ----------------------------
-- Records of tbl_dept
-- ----------------------------
INSERT INTO `tbl_dept` VALUES ('1', '开发部');
INSERT INTO `tbl_dept` VALUES ('2', '测试部');

-- ----------------------------
-- Table structure for `tbl_emp`
-- ----------------------------
DROP TABLE IF EXISTS `tbl_emp`;
CREATE TABLE `tbl_emp` (
  `emp_id` int(11) NOT NULL AUTO_INCREMENT,
  `emp_name` varchar(255) NOT NULL,
  `gender` char(1) DEFAULT NULL,
  `email` varchar(255) DEFAULT NULL,
  `d_id` int(11) DEFAULT NULL,
  PRIMARY KEY (`emp_id`),
  KEY `fk_emp_dept` (`d_id`),
  CONSTRAINT `fk_emp_dept` FOREIGN KEY (`d_id`) REFERENCES `tbl_dept` (`dept_id`)
) ENGINE=InnoDB AUTO_INCREMENT=972 DEFAULT CHARSET=utf8;

-- ----------------------------
-- Records of tbl_emp
-- ----------------------------
INSERT INTO `tbl_emp` VALUES ('1', 'Jerry', 'M', '1099393970@qq.com', '1');
INSERT INTO `tbl_emp` VALUES ('8', 'a2dfd4', 'M', '1099393970@qq.com', '2');
INSERT INTO `tbl_emp` VALUES ('9', 'abe6f5', 'M', 'bbbb@qq.com', '2');
INSERT INTO `tbl_emp` VALUES ('10', '8c5ad6', 'F', '1099393970@qq.com', '2');
INSERT INTO `tbl_emp` VALUES ('11', 'a53fe7', 'M', 'bbbb@qq.com', '2');
INSERT INTO `tbl_emp` VALUES ('12', 'ad80e8', 'M', 'bbbb@qq.com', '2');
INSERT INTO `tbl_emp` VALUES ('13', 'e4dac9', 'M', 'bbbb@qq.com', '2');
INSERT INTO `tbl_emp` VALUES ('14', '5937f10', 'M', 'bbbb@qq.com', '2');
INSERT INTO `tbl_emp` VALUES ('15', 'fae4e11', 'M', 'bbbb@qq.com', '2');
INSERT INTO `tbl_emp` VALUES ('16', 'e94e512', 'M', 'bbbb@qq.com', '2');
INSERT INTO `tbl_emp` VALUES ('17', '78e9e13', 'M', 'bbbb@qq.com', '2');
INSERT INTO `tbl_emp` VALUES ('18', 'e32a014', 'M', 'bbbb@qq.com', '2');
INSERT INTO `tbl_emp` VALUES ('19', '2d55b15', 'M', 'bbbb@qq.com', '2');
INSERT INTO `tbl_emp` VALUES ('20', '3468516', 'M', 'bbbb@qq.com', '2');
INSERT INTO `tbl_emp` VALUES ('21', 'f0ca117', 'M', 'bbbb@qq.com', '2');
INSERT INTO `tbl_emp` VALUES ('22', '7af6d18', 'M', 'bbbb@qq.com', '2');
INSERT INTO `tbl_emp` VALUES ('23', '8f4de19', 'M', 'bbbb@qq.com', '2');
INSERT INTO `tbl_emp` VALUES ('24', '91a2020', 'M', 'bbbb@qq.com', '2');
INSERT INTO `tbl_emp` VALUES ('25', 'a3bb721', 'M', 'bbbb@qq.com', '2');
INSERT INTO `tbl_emp` VALUES ('26', 'b9be922', 'M', 'bbbb@qq.com', '2');
INSERT INTO `tbl_emp` VALUES ('27', '5e58123', 'M', 'bbbb@qq.com', '2');
INSERT INTO `tbl_emp` VALUES ('28', '08ebc24', 'M', 'bbbb@qq.com', '2');
INSERT INTO `tbl_emp` VALUES ('29', 'e84e225', 'M', 'bbbb@qq.com', '2');
INSERT INTO `tbl_emp` VALUES ('30', 'c653526', 'M', 'bbbb@qq.com', '2');
INSERT INTO `tbl_emp` VALUES ('31', 'f6a6027', 'M', 'bbbb@qq.com', '2');
INSERT INTO `tbl_emp` VALUES ('32', 'c73e328', 'M', 'bbbb@qq.com', '2');
INSERT INTO `tbl_emp` VALUES ('33', '2acdf29', 'M', 'bbbb@qq.com', '2');
INSERT INTO `tbl_emp` VALUES ('34', '6829f30', 'M', 'bbbb@qq.com', '2');
INSERT INTO `tbl_emp` VALUES ('35', '25ae131', 'M', 'bbbb@qq.com', '2');
INSERT INTO `tbl_emp` VALUES ('36', 'cecbd32', 'M', 'bbbb@qq.com', '2');
INSERT INTO `tbl_emp` VALUES ('37', '2069233', 'M', 'bbbb@qq.com', '2');
INSERT INTO `tbl_emp` VALUES ('38', '5889834', 'M', 'bbbb@qq.com', '2');
INSERT INTO `tbl_emp` VALUES ('39', '70c3435', 'M', 'bbbb@qq.com', '2');
INSERT INTO `tbl_emp` VALUES ('40', '38cfb36', 'M', 'bbbb@qq.com', '2');
INSERT INTO `tbl_emp` VALUES ('41', '5cd3e37', 'M', 'bbbb@qq.com', '2');
INSERT INTO `tbl_emp` VALUES ('42', '152d838', 'M', 'bbbb@qq.com', '2');
INSERT INTO `tbl_emp` VALUES ('43', 'a828c39', 'M', 'bbbb@qq.com', '2');
INSERT INTO `tbl_emp` VALUES ('44', 'd9b0640', 'M', 'bbbb@qq.com', '2');
INSERT INTO `tbl_emp` VALUES ('45', '0e16141', 'M', 'bbbb@qq.com', '2');
INSERT INTO `tbl_emp` VALUES ('46', '219cc42', 'M', 'bbbb@qq.com', '2');
INSERT INTO `tbl_emp` VALUES ('47', '8ac9143', 'M', 'bbbb@qq.com', '2');
INSERT INTO `tbl_emp` VALUES ('48', '4d5ff44', 'M', 'bbbb@qq.com', '2');
INSERT INTO `tbl_emp` VALUES ('49', 'cd8b345', 'M', 'bbbb@qq.com', '2');
INSERT INTO `tbl_emp` VALUES ('50', 'ae72f46', 'M', 'bbbb@qq.com', '2');
INSERT INTO `tbl_emp` VALUES ('51', 'c65af47', 'M', 'bbbb@qq.com', '2');
INSERT INTO `tbl_emp` VALUES ('52', 'f102748', 'M', 'bbbb@qq.com', '2');
INSERT INTO `tbl_emp` VALUES ('53', '1262d49', 'M', 'bbbb@qq.com', '2');
INSERT INTO `tbl_emp` VALUES ('54', '59bab50', 'M', 'bbbb@qq.com', '2');
INSERT INTO `tbl_emp` VALUES ('55', 'ab5e451', 'M', 'bbbb@qq.com', '2');
INSERT INTO `tbl_emp` VALUES ('56', '9f8c752', 'M', 'bbbb@qq.com', '2');
INSERT INTO `tbl_emp` VALUES ('57', '2f6bf53', 'M', 'bbbb@qq.com', '2');
INSERT INTO `tbl_emp` VALUES ('58', '5140454', 'M', 'bbbb@qq.com', '2');
INSERT INTO `tbl_emp` VALUES ('59', '9c63355', 'M', 'bbbb@qq.com', '2');
INSERT INTO `tbl_emp` VALUES ('60', '6c46856', 'M', 'bbbb@qq.com', '2');
INSERT INTO `tbl_emp` VALUES ('61', 'b5a9b57', 'M', 'bbbb@qq.com', '2');
INSERT INTO `tbl_emp` VALUES ('62', 'dbdd558', 'M', 'bbbb@qq.com', '2');
INSERT INTO `tbl_emp` VALUES ('63', 'c09fe59', 'M', 'bbbb@qq.com', '2');
INSERT INTO `tbl_emp` VALUES ('64', '50de960', 'M', 'bbbb@qq.com', '2');
INSERT INTO `tbl_emp` VALUES ('65', 'd9c8d61', 'M', 'bbbb@qq.com', '2');
INSERT INTO `tbl_emp` VALUES ('66', '1877f62', 'M', 'bbbb@qq.com', '2');
INSERT INTO `tbl_emp` VALUES ('67', '876ac63', 'M', 'bbbb@qq.com', '2');
INSERT INTO `tbl_emp` VALUES ('68', 'cfdf864', 'M', 'bbbb@qq.com', '2');
INSERT INTO `tbl_emp` VALUES ('69', 'd482665', 'M', 'bbbb@qq.com', '2');
INSERT INTO `tbl_emp` VALUES ('70', '72fc066', 'M', 'bbbb@qq.com', '2');
INSERT INTO `tbl_emp` VALUES ('71', 'f89b467', 'M', 'bbbb@qq.com', '2');
INSERT INTO `tbl_emp` VALUES ('72', '16f5368', 'M', 'bbbb@qq.com', '2');
INSERT INTO `tbl_emp` VALUES ('73', '1007369', 'M', 'bbbb@qq.com', '2');
INSERT INTO `tbl_emp` VALUES ('74', '2485c70', 'M', 'bbbb@qq.com', '2');
INSERT INTO `tbl_emp` VALUES ('75', '28ba271', 'M', 'bbbb@qq.com', '2');
INSERT INTO `tbl_emp` VALUES ('76', '5c12a72', 'M', 'bbbb@qq.com', '2');
INSERT INTO `tbl_emp` VALUES ('77', '312d973', 'M', 'bbbb@qq.com', '2');
INSERT INTO `tbl_emp` VALUES ('78', '69d4074', 'M', 'bbbb@qq.com', '2');
INSERT INTO `tbl_emp` VALUES ('79', 'c2a2775', 'M', 'bbbb@qq.com', '2');
INSERT INTO `tbl_emp` VALUES ('80', 'd458e76', 'M', 'bbbb@qq.com', '2');
INSERT INTO `tbl_emp` VALUES ('81', '4d7d477', 'M', 'bbbb@qq.com', '2');
INSERT INTO `tbl_emp` VALUES ('82', '8bb8d78', 'M', 'bbbb@qq.com', '2');
INSERT INTO `tbl_emp` VALUES ('83', '82d9a79', 'M', 'bbbb@qq.com', '2');
INSERT INTO `tbl_emp` VALUES ('84', '9e63680', 'M', 'bbbb@qq.com', '2');
INSERT INTO `tbl_emp` VALUES ('85', '93bd481', 'M', 'bbbb@qq.com', '2');
INSERT INTO `tbl_emp` VALUES ('86', '036e882', 'M', 'bbbb@qq.com', '2');
INSERT INTO `tbl_emp` VALUES ('87', '136c683', 'M', 'bbbb@qq.com', '2');
INSERT INTO `tbl_emp` VALUES ('88', '275d684', 'M', 'bbbb@qq.com', '2');
INSERT INTO `tbl_emp` VALUES ('89', 'e74ac85', 'M', 'bbbb@qq.com', '2');
INSERT INTO `tbl_emp` VALUES ('90', '20c3b86', 'M', 'bbbb@qq.com', '2');
INSERT INTO `tbl_emp` VALUES ('91', '93afb87', 'M', 'bbbb@qq.com', '2');
INSERT INTO `tbl_emp` VALUES ('92', '86c9688', 'M', 'bbbb@qq.com', '2');
INSERT INTO `tbl_emp` VALUES ('93', 'b126189', 'M', 'bbbb@qq.com', '2');
INSERT INTO `tbl_emp` VALUES ('94', '3ef7a90', 'M', 'bbbb@qq.com', '2');
INSERT INTO `tbl_emp` VALUES ('95', '5ec4591', 'M', 'bbbb@qq.com', '2');
INSERT INTO `tbl_emp` VALUES ('96', 'a0a7692', 'M', 'bbbb@qq.com', '2');
INSERT INTO `tbl_emp` VALUES ('97', '1a87093', 'M', 'bbbb@qq.com', '2');
INSERT INTO `tbl_emp` VALUES ('98', '7065e94', 'M', 'bbbb@qq.com', '2');
INSERT INTO `tbl_emp` VALUES ('99', '612de95', 'M', 'bbbb@qq.com', '2');
INSERT INTO `tbl_emp` VALUES ('100', '3529c96', 'M', 'bbbb@qq.com', '2');
INSERT INTO `tbl_emp` VALUES ('101', '5d54a97', 'M', 'bbbb@qq.com', '2');
INSERT INTO `tbl_emp` VALUES ('102', 'e860998', 'M', 'bbbb@qq.com', '2');
INSERT INTO `tbl_emp` VALUES ('103', '0e57499', 'M', 'bbbb@qq.com', '2');
INSERT INTO `tbl_emp` VALUES ('104', 'f287a100', 'M', 'bbbb@qq.com', '2');
INSERT INTO `tbl_emp` VALUES ('105', '12a82101', 'M', 'bbbb@qq.com', '2');
INSERT INTO `tbl_emp` VALUES ('106', 'b47eb102', 'M', 'bbbb@qq.com', '2');
INSERT INTO `tbl_emp` VALUES ('107', 'd41b7103', 'M', 'bbbb@qq.com', '2');
INSERT INTO `tbl_emp` VALUES ('108', '61efd104', 'M', 'bbbb@qq.com', '2');
INSERT INTO `tbl_emp` VALUES ('109', '263f1105', 'M', 'bbbb@qq.com', '2');
INSERT INTO `tbl_emp` VALUES ('110', '0637e106', 'M', 'bbbb@qq.com', '2');
INSERT INTO `tbl_emp` VALUES ('111', 'f5e10107', 'M', 'bbbb@qq.com', '2');
INSERT INTO `tbl_emp` VALUES ('112', 'b1ce1108', 'M', 'bbbb@qq.com', '2');
INSERT INTO `tbl_emp` VALUES ('113', 'dc2f7109', 'M', 'bbbb@qq.com', '2');
INSERT INTO `tbl_emp` VALUES ('114', '4d438110', 'M', 'bbbb@qq.com', '2');
INSERT INTO `tbl_emp` VALUES ('115', 'ca684111', 'M', 'bbbb@qq.com', '2');
INSERT INTO `tbl_emp` VALUES ('116', '37413112', 'M', 'bbbb@qq.com', '2');
INSERT INTO `tbl_emp` VALUES ('117', '47f94113', 'M', 'bbbb@qq.com', '2');
INSERT INTO `tbl_emp` VALUES ('118', '7a1be114', 'M', 'bbbb@qq.com', '2');
INSERT INTO `tbl_emp` VALUES ('119', '62a11115', 'M', 'bbbb@qq.com', '2');
INSERT INTO `tbl_emp` VALUES ('120', 'c6fc1116', 'M', 'bbbb@qq.com', '2');
INSERT INTO `tbl_emp` VALUES ('121', 'defdd117', 'M', 'bbbb@qq.com', '2');
INSERT INTO `tbl_emp` VALUES ('122', '63a73118', 'M', 'bbbb@qq.com', '2');
INSERT INTO `tbl_emp` VALUES ('123', '37a5c119', 'M', 'bbbb@qq.com', '2');
INSERT INTO `tbl_emp` VALUES ('124', '499ae120', 'M', 'bbbb@qq.com', '2');
INSERT INTO `tbl_emp` VALUES ('125', 'aa272121', 'M', 'bbbb@qq.com', '2');
INSERT INTO `tbl_emp` VALUES ('126', '056cb122', 'M', 'bbbb@qq.com', '2');
INSERT INTO `tbl_emp` VALUES ('127', '3cda0123', 'M', 'bbbb@qq.com', '2');
INSERT INTO `tbl_emp` VALUES ('128', 'f3f78124', 'M', 'bbbb@qq.com', '2');
INSERT INTO `tbl_emp` VALUES ('129', '2acaf125', 'M', 'bbbb@qq.com', '2');
INSERT INTO `tbl_emp` VALUES ('130', 'e8555126', 'M', 'bbbb@qq.com', '2');
INSERT INTO `tbl_emp` VALUES ('131', 'feba1127', 'M', 'bbbb@qq.com', '2');
INSERT INTO `tbl_emp` VALUES ('132', '0c5f9128', 'M', 'bbbb@qq.com', '2');
INSERT INTO `tbl_emp` VALUES ('133', 'd322e129', 'M', 'bbbb@qq.com', '2');
INSERT INTO `tbl_emp` VALUES ('134', 'e8d76130', 'M', 'bbbb@qq.com', '2');
INSERT INTO `tbl_emp` VALUES ('135', '126cc131', 'M', 'bbbb@qq.com', '2');
INSERT INTO `tbl_emp` VALUES ('136', 'b7b94132', 'M', 'bbbb@qq.com', '2');
INSERT INTO `tbl_emp` VALUES ('137', 'a3ded133', 'M', 'bbbb@qq.com', '2');
INSERT INTO `tbl_emp` VALUES ('138', 'd9e39134', 'M', 'bbbb@qq.com', '2');
INSERT INTO `tbl_emp` VALUES ('139', '16adf135', 'M', 'bbbb@qq.com', '2');
INSERT INTO `tbl_emp` VALUES ('140', '0d9f7136', 'M', 'bbbb@qq.com', '2');
INSERT INTO `tbl_emp` VALUES ('141', 'c1d26137', 'M', 'bbbb@qq.com', '2');
INSERT INTO `tbl_emp` VALUES ('142', 'ca7d2138', 'M', 'bbbb@qq.com', '2');
INSERT INTO `tbl_emp` VALUES ('143', '2023c139', 'M', 'bbbb@qq.com', '2');
INSERT INTO `tbl_emp` VALUES ('144', '26628140', 'M', 'bbbb@qq.com', '2');
INSERT INTO `tbl_emp` VALUES ('145', '8d003141', 'M', 'bbbb@qq.com', '2');
INSERT INTO `tbl_emp` VALUES ('146', 'aed31142', 'M', 'bbbb@qq.com', '2');
INSERT INTO `tbl_emp` VALUES ('147', 'de364143', 'M', 'bbbb@qq.com', '2');
INSERT INTO `tbl_emp` VALUES ('148', '6a46c144', 'M', 'bbbb@qq.com', '2');
INSERT INTO `tbl_emp` VALUES ('149', 'c298a145', 'M', 'bbbb@qq.com', '2');
INSERT INTO `tbl_emp` VALUES ('150', 'd3a03146', 'M', 'bbbb@qq.com', '2');
INSERT INTO `tbl_emp` VALUES ('151', '67aee147', 'M', 'bbbb@qq.com', '2');
INSERT INTO `tbl_emp` VALUES ('152', 'a66ee148', 'M', 'bbbb@qq.com', '2');
INSERT INTO `tbl_emp` VALUES ('153', '71170149', 'M', 'bbbb@qq.com', '2');
INSERT INTO `tbl_emp` VALUES ('154', 'cf34b150', 'M', 'bbbb@qq.com', '2');
INSERT INTO `tbl_emp` VALUES ('155', '2d189151', 'M', 'bbbb@qq.com', '2');
INSERT INTO `tbl_emp` VALUES ('156', 'fcdac152', 'M', 'bbbb@qq.com', '2');
INSERT INTO `tbl_emp` VALUES ('157', '631ac153', 'M', 'bbbb@qq.com', '2');
INSERT INTO `tbl_emp` VALUES ('158', 'af9ad154', 'M', 'bbbb@qq.com', '2');
INSERT INTO `tbl_emp` VALUES ('159', 'c4821155', 'M', 'bbbb@qq.com', '2');
INSERT INTO `tbl_emp` VALUES ('160', 'd3726156', 'M', 'bbbb@qq.com', '2');
INSERT INTO `tbl_emp` VALUES ('161', '9f6ca157', 'M', 'bbbb@qq.com', '2');
INSERT INTO `tbl_emp` VALUES ('162', '3a173158', 'M', 'bbbb@qq.com', '2');
INSERT INTO `tbl_emp` VALUES ('163', '83b97159', 'M', 'bbbb@qq.com', '2');
INSERT INTO `tbl_emp` VALUES ('164', 'e799d160', 'M', 'bbbb@qq.com', '2');
INSERT INTO `tbl_emp` VALUES ('165', '293a3161', 'M', 'bbbb@qq.com', '2');
INSERT INTO `tbl_emp` VALUES ('166', 'c183d162', 'M', 'bbbb@qq.com', '2');
INSERT INTO `tbl_emp` VALUES ('167', '94f47163', 'M', 'bbbb@qq.com', '2');
INSERT INTO `tbl_emp` VALUES ('168', '8ec1c164', 'M', 'bbbb@qq.com', '2');
INSERT INTO `tbl_emp` VALUES ('169', '025fc165', 'M', 'bbbb@qq.com', '2');
INSERT INTO `tbl_emp` VALUES ('170', '29575166', 'M', 'bbbb@qq.com', '2');
INSERT INTO `tbl_emp` VALUES ('171', '195d2167', 'M', 'bbbb@qq.com', '2');
INSERT INTO `tbl_emp` VALUES ('172', '1b4aa168', 'M', 'bbbb@qq.com', '2');
INSERT INTO `tbl_emp` VALUES ('173', 'd49fc169', 'M', 'bbbb@qq.com', '2');
INSERT INTO `tbl_emp` VALUES ('174', 'a7711170', 'M', 'bbbb@qq.com', '2');
INSERT INTO `tbl_emp` VALUES ('175', 'f8188171', 'M', 'bbbb@qq.com', '2');
INSERT INTO `tbl_emp` VALUES ('176', '57270172', 'M', 'bbbb@qq.com', '2');
INSERT INTO `tbl_emp` VALUES ('177', '49109173', 'M', 'bbbb@qq.com', '2');
INSERT INTO `tbl_emp` VALUES ('178', 'a6119174', 'M', 'bbbb@qq.com', '2');
INSERT INTO `tbl_emp` VALUES ('179', '9a2ef175', 'M', 'bbbb@qq.com', '2');
INSERT INTO `tbl_emp` VALUES ('180', 'ee2cf176', 'M', 'bbbb@qq.com', '2');
INSERT INTO `tbl_emp` VALUES ('181', 'd89eb177', 'M', 'bbbb@qq.com', '2');
INSERT INTO `tbl_emp` VALUES ('182', 'c0626178', 'M', 'bbbb@qq.com', '2');
INSERT INTO `tbl_emp` VALUES ('183', '402cd179', 'M', 'bbbb@qq.com', '2');
INSERT INTO `tbl_emp` VALUES ('184', '41511180', 'M', 'bbbb@qq.com', '2');
INSERT INTO `tbl_emp` VALUES ('185', 'd0a1c181', 'M', 'bbbb@qq.com', '2');
INSERT INTO `tbl_emp` VALUES ('186', 'd71e6182', 'M', 'bbbb@qq.com', '2');
INSERT INTO `tbl_emp` VALUES ('187', 'e1dd0183', 'M', 'bbbb@qq.com', '2');
INSERT INTO `tbl_emp` VALUES ('188', '063a1184', 'M', 'bbbb@qq.com', '2');
INSERT INTO `tbl_emp` VALUES ('189', '06581185', 'M', 'bbbb@qq.com', '2');
INSERT INTO `tbl_emp` VALUES ('190', '89b50186', 'M', 'bbbb@qq.com', '2');
INSERT INTO `tbl_emp` VALUES ('191', '7b0c9187', 'M', 'bbbb@qq.com', '2');
INSERT INTO `tbl_emp` VALUES ('192', '6846d188', 'M', 'bbbb@qq.com', '2');
INSERT INTO `tbl_emp` VALUES ('193', 'e53ed189', 'M', 'bbbb@qq.com', '2');
INSERT INTO `tbl_emp` VALUES ('194', '662ab190', 'M', 'bbbb@qq.com', '2');
INSERT INTO `tbl_emp` VALUES ('195', '26df5191', 'M', 'bbbb@qq.com', '2');
INSERT INTO `tbl_emp` VALUES ('196', 'f30ca192', 'M', 'bbbb@qq.com', '2');
INSERT INTO `tbl_emp` VALUES ('197', '683a6193', 'M', 'bbbb@qq.com', '2');
INSERT INTO `tbl_emp` VALUES ('198', '08684194', 'M', 'bbbb@qq.com', '2');
INSERT INTO `tbl_emp` VALUES ('199', '4edfe195', 'M', 'bbbb@qq.com', '2');
INSERT INTO `tbl_emp` VALUES ('200', '977cc196', 'M', 'bbbb@qq.com', '2');
INSERT INTO `tbl_emp` VALUES ('201', '645b1197', 'M', 'bbbb@qq.com', '2');
INSERT INTO `tbl_emp` VALUES ('202', 'b1421198', 'M', 'bbbb@qq.com', '2');
INSERT INTO `tbl_emp` VALUES ('203', 'e0dd0199', 'M', 'bbbb@qq.com', '2');
INSERT INTO `tbl_emp` VALUES ('204', 'f1eef200', 'M', 'bbbb@qq.com', '2');
INSERT INTO `tbl_emp` VALUES ('205', 'd71e3201', 'M', 'bbbb@qq.com', '2');
INSERT INTO `tbl_emp` VALUES ('206', 'f01ab202', 'M', 'bbbb@qq.com', '2');
INSERT INTO `tbl_emp` VALUES ('207', '8dbae203', 'M', 'bbbb@qq.com', '2');
INSERT INTO `tbl_emp` VALUES ('208', '633a4204', 'M', 'bbbb@qq.com', '2');
INSERT INTO `tbl_emp` VALUES ('209', '85d2d205', 'M', 'bbbb@qq.com', '2');
INSERT INTO `tbl_emp` VALUES ('210', '6e53b206', 'M', 'bbbb@qq.com', '2');
INSERT INTO `tbl_emp` VALUES ('211', '0dc5a207', 'M', 'bbbb@qq.com', '2');
INSERT INTO `tbl_emp` VALUES ('212', '92791208', 'M', 'bbbb@qq.com', '2');
INSERT INTO `tbl_emp` VALUES ('213', '622c9209', 'M', 'bbbb@qq.com', '2');
INSERT INTO `tbl_emp` VALUES ('214', '1468d210', 'M', 'bbbb@qq.com', '2');
INSERT INTO `tbl_emp` VALUES ('215', 'd3472211', 'M', 'bbbb@qq.com', '2');
INSERT INTO `tbl_emp` VALUES ('216', 'e0b8f212', 'M', 'bbbb@qq.com', '2');
INSERT INTO `tbl_emp` VALUES ('217', '94748213', 'M', 'bbbb@qq.com', '2');
INSERT INTO `tbl_emp` VALUES ('218', '802ae214', 'M', 'bbbb@qq.com', '2');
INSERT INTO `tbl_emp` VALUES ('219', 'f7dc9215', 'M', 'bbbb@qq.com', '2');
INSERT INTO `tbl_emp` VALUES ('220', '38daa216', 'M', 'bbbb@qq.com', '2');
INSERT INTO `tbl_emp` VALUES ('221', 'd84b5217', 'M', 'bbbb@qq.com', '2');
INSERT INTO `tbl_emp` VALUES ('222', 'e4d11218', 'M', 'bbbb@qq.com', '2');
INSERT INTO `tbl_emp` VALUES ('223', 'af067219', 'M', 'bbbb@qq.com', '2');
INSERT INTO `tbl_emp` VALUES ('224', 'a2fe0220', 'M', 'bbbb@qq.com', '2');
INSERT INTO `tbl_emp` VALUES ('225', '1c641221', 'M', 'bbbb@qq.com', '2');
INSERT INTO `tbl_emp` VALUES ('226', '25456222', 'M', 'bbbb@qq.com', '2');
INSERT INTO `tbl_emp` VALUES ('227', 'e55a1223', 'M', 'bbbb@qq.com', '2');
INSERT INTO `tbl_emp` VALUES ('228', 'f84d6224', 'M', 'bbbb@qq.com', '2');
INSERT INTO `tbl_emp` VALUES ('229', 'e2177225', 'M', 'bbbb@qq.com', '2');
INSERT INTO `tbl_emp` VALUES ('230', '35e19226', 'M', 'bbbb@qq.com', '2');
INSERT INTO `tbl_emp` VALUES ('231', '26c83227', 'M', 'bbbb@qq.com', '2');
INSERT INTO `tbl_emp` VALUES ('232', 'dd9b1228', 'M', 'bbbb@qq.com', '2');
INSERT INTO `tbl_emp` VALUES ('233', '3de2d229', 'M', 'bbbb@qq.com', '2');
INSERT INTO `tbl_emp` VALUES ('234', 'c3390230', 'M', 'bbbb@qq.com', '2');
INSERT INTO `tbl_emp` VALUES ('235', '88147231', 'M', 'bbbb@qq.com', '2');
INSERT INTO `tbl_emp` VALUES ('236', 'd3a83232', 'M', 'bbbb@qq.com', '2');
INSERT INTO `tbl_emp` VALUES ('237', '70f2c233', 'M', 'bbbb@qq.com', '2');
INSERT INTO `tbl_emp` VALUES ('238', '504d4234', 'M', 'bbbb@qq.com', '2');
INSERT INTO `tbl_emp` VALUES ('239', '74734235', 'M', 'bbbb@qq.com', '2');
INSERT INTO `tbl_emp` VALUES ('240', '0f683236', 'M', 'bbbb@qq.com', '2');
INSERT INTO `tbl_emp` VALUES ('241', '3cbf8237', 'M', 'bbbb@qq.com', '2');
INSERT INTO `tbl_emp` VALUES ('242', 'f2488238', 'M', 'bbbb@qq.com', '2');
INSERT INTO `tbl_emp` VALUES ('243', '10335239', 'M', 'bbbb@qq.com', '2');
INSERT INTO `tbl_emp` VALUES ('244', '12752240', 'M', 'bbbb@qq.com', '2');
INSERT INTO `tbl_emp` VALUES ('245', '6cef0241', 'M', 'bbbb@qq.com', '2');
INSERT INTO `tbl_emp` VALUES ('246', '2d739242', 'M', 'bbbb@qq.com', '2');
INSERT INTO `tbl_emp` VALUES ('247', '84312243', 'M', 'bbbb@qq.com', '2');
INSERT INTO `tbl_emp` VALUES ('248', 'a0fbc244', 'M', 'bbbb@qq.com', '2');
INSERT INTO `tbl_emp` VALUES ('249', '14b83245', 'M', 'bbbb@qq.com', '2');
INSERT INTO `tbl_emp` VALUES ('250', '739bf246', 'M', 'bbbb@qq.com', '2');
INSERT INTO `tbl_emp` VALUES ('251', '7c172247', 'M', 'bbbb@qq.com', '2');
INSERT INTO `tbl_emp` VALUES ('252', 'd630c248', 'M', 'bbbb@qq.com', '2');
INSERT INTO `tbl_emp` VALUES ('253', '39d68249', 'M', 'bbbb@qq.com', '2');
INSERT INTO `tbl_emp` VALUES ('254', '03405250', 'M', 'bbbb@qq.com', '2');
INSERT INTO `tbl_emp` VALUES ('255', 'd75da251', 'M', 'bbbb@qq.com', '2');
INSERT INTO `tbl_emp` VALUES ('256', '504e0252', 'M', 'bbbb@qq.com', '2');
INSERT INTO `tbl_emp` VALUES ('257', 'bec19253', 'M', 'bbbb@qq.com', '2');
INSERT INTO `tbl_emp` VALUES ('258', 'd8e6e254', 'M', 'bbbb@qq.com', '2');
INSERT INTO `tbl_emp` VALUES ('259', '31fdb255', 'M', 'bbbb@qq.com', '2');
INSERT INTO `tbl_emp` VALUES ('260', '27197256', 'M', 'bbbb@qq.com', '2');
INSERT INTO `tbl_emp` VALUES ('261', '72224257', 'M', 'bbbb@qq.com', '2');
INSERT INTO `tbl_emp` VALUES ('262', '81bf6258', 'M', 'bbbb@qq.com', '2');
INSERT INTO `tbl_emp` VALUES ('263', '8accc259', 'M', 'bbbb@qq.com', '2');
INSERT INTO `tbl_emp` VALUES ('264', '9b78e260', 'M', 'bbbb@qq.com', '2');
INSERT INTO `tbl_emp` VALUES ('265', '3a020261', 'M', 'bbbb@qq.com', '2');
INSERT INTO `tbl_emp` VALUES ('266', 'd23dc262', 'M', 'bbbb@qq.com', '2');
INSERT INTO `tbl_emp` VALUES ('267', 'a4f44263', 'M', 'bbbb@qq.com', '2');
INSERT INTO `tbl_emp` VALUES ('268', 'ed19d264', 'M', 'bbbb@qq.com', '2');
INSERT INTO `tbl_emp` VALUES ('269', '03459265', 'M', 'bbbb@qq.com', '2');
INSERT INTO `tbl_emp` VALUES ('270', 'f3aa2266', 'M', 'bbbb@qq.com', '2');
INSERT INTO `tbl_emp` VALUES ('271', '772ba267', 'M', 'bbbb@qq.com', '2');
INSERT INTO `tbl_emp` VALUES ('272', '4fab3268', 'M', 'bbbb@qq.com', '2');
INSERT INTO `tbl_emp` VALUES ('273', '72074269', 'M', 'bbbb@qq.com', '2');
INSERT INTO `tbl_emp` VALUES ('274', '9a454270', 'M', 'bbbb@qq.com', '2');
INSERT INTO `tbl_emp` VALUES ('275', '9ba58271', 'M', 'bbbb@qq.com', '2');
INSERT INTO `tbl_emp` VALUES ('276', 'e80ef272', 'M', 'bbbb@qq.com', '2');
INSERT INTO `tbl_emp` VALUES ('277', 'aef43273', 'M', 'bbbb@qq.com', '2');
INSERT INTO `tbl_emp` VALUES ('278', 'bdbd1274', 'M', 'bbbb@qq.com', '2');
INSERT INTO `tbl_emp` VALUES ('279', '69b6e275', 'M', 'bbbb@qq.com', '2');
INSERT INTO `tbl_emp` VALUES ('280', 'ec6d8276', 'M', 'bbbb@qq.com', '2');
INSERT INTO `tbl_emp` VALUES ('281', '2f743277', 'M', 'bbbb@qq.com', '2');
INSERT INTO `tbl_emp` VALUES ('282', '2917b278', 'M', 'bbbb@qq.com', '2');
INSERT INTO `tbl_emp` VALUES ('283', '7c8dd279', 'M', 'bbbb@qq.com', '2');
INSERT INTO `tbl_emp` VALUES ('284', '94759280', 'M', 'bbbb@qq.com', '2');
INSERT INTO `tbl_emp` VALUES ('285', '89e8e281', 'M', 'bbbb@qq.com', '2');
INSERT INTO `tbl_emp` VALUES ('286', '01ece282', 'M', 'bbbb@qq.com', '2');
INSERT INTO `tbl_emp` VALUES ('287', '5d3f9283', 'M', 'bbbb@qq.com', '2');
INSERT INTO `tbl_emp` VALUES ('288', 'dfdc2284', 'M', 'bbbb@qq.com', '2');
INSERT INTO `tbl_emp` VALUES ('289', '935bf285', 'M', 'bbbb@qq.com', '2');
INSERT INTO `tbl_emp` VALUES ('290', '1f984286', 'M', 'bbbb@qq.com', '2');
INSERT INTO `tbl_emp` VALUES ('291', 'aa809287', 'M', 'bbbb@qq.com', '2');
INSERT INTO `tbl_emp` VALUES ('292', '391a8288', 'M', 'bbbb@qq.com', '2');
INSERT INTO `tbl_emp` VALUES ('293', '951cb289', 'M', 'bbbb@qq.com', '2');
INSERT INTO `tbl_emp` VALUES ('294', 'ba9d0290', 'M', 'bbbb@qq.com', '2');
INSERT INTO `tbl_emp` VALUES ('295', '0bf70291', 'M', 'bbbb@qq.com', '2');
INSERT INTO `tbl_emp` VALUES ('296', '05a95292', 'M', 'bbbb@qq.com', '2');
INSERT INTO `tbl_emp` VALUES ('297', '00f80293', 'M', 'bbbb@qq.com', '2');
INSERT INTO `tbl_emp` VALUES ('298', '794c5294', 'M', 'bbbb@qq.com', '2');
INSERT INTO `tbl_emp` VALUES ('299', '9232c295', 'M', 'bbbb@qq.com', '2');
INSERT INTO `tbl_emp` VALUES ('300', 'c752c296', 'M', 'bbbb@qq.com', '2');
INSERT INTO `tbl_emp` VALUES ('301', '13a0e297', 'M', 'bbbb@qq.com', '2');
INSERT INTO `tbl_emp` VALUES ('302', '8f831298', 'M', 'bbbb@qq.com', '2');
INSERT INTO `tbl_emp` VALUES ('303', '89da9299', 'M', 'bbbb@qq.com', '2');
INSERT INTO `tbl_emp` VALUES ('304', '180bc300', 'M', 'bbbb@qq.com', '2');
INSERT INTO `tbl_emp` VALUES ('305', 'a7fc8301', 'M', 'bbbb@qq.com', '2');
INSERT INTO `tbl_emp` VALUES ('306', 'ded48302', 'M', 'bbbb@qq.com', '2');
INSERT INTO `tbl_emp` VALUES ('307', '32886303', 'M', 'bbbb@qq.com', '2');
INSERT INTO `tbl_emp` VALUES ('308', 'b8e24304', 'M', 'bbbb@qq.com', '2');
INSERT INTO `tbl_emp` VALUES ('309', 'ec073305', 'M', 'bbbb@qq.com', '2');
INSERT INTO `tbl_emp` VALUES ('310', '82c85306', 'M', 'bbbb@qq.com', '2');
INSERT INTO `tbl_emp` VALUES ('311', 'e97d3307', 'M', 'bbbb@qq.com', '2');
INSERT INTO `tbl_emp` VALUES ('312', '78e79308', 'M', 'bbbb@qq.com', '2');
INSERT INTO `tbl_emp` VALUES ('313', '4d360309', 'M', 'bbbb@qq.com', '2');
INSERT INTO `tbl_emp` VALUES ('314', '3bb22310', 'M', 'bbbb@qq.com', '2');
INSERT INTO `tbl_emp` VALUES ('315', 'ab32b311', 'M', 'bbbb@qq.com', '2');
INSERT INTO `tbl_emp` VALUES ('316', 'e9f65312', 'M', 'bbbb@qq.com', '2');
INSERT INTO `tbl_emp` VALUES ('317', 'ca432313', 'M', 'bbbb@qq.com', '2');
INSERT INTO `tbl_emp` VALUES ('318', '747e8314', 'M', 'bbbb@qq.com', '2');
INSERT INTO `tbl_emp` VALUES ('319', 'c2a37315', 'M', 'bbbb@qq.com', '2');
INSERT INTO `tbl_emp` VALUES ('320', '9db84316', 'M', 'bbbb@qq.com', '2');
INSERT INTO `tbl_emp` VALUES ('321', 'bb626317', 'M', 'bbbb@qq.com', '2');
INSERT INTO `tbl_emp` VALUES ('322', '6fc09318', 'M', 'bbbb@qq.com', '2');
INSERT INTO `tbl_emp` VALUES ('323', 'e7545319', 'M', 'bbbb@qq.com', '2');
INSERT INTO `tbl_emp` VALUES ('324', '277e6320', 'M', 'bbbb@qq.com', '2');
INSERT INTO `tbl_emp` VALUES ('325', 'a6002321', 'M', 'bbbb@qq.com', '2');
INSERT INTO `tbl_emp` VALUES ('326', 'e98d3322', 'M', 'bbbb@qq.com', '2');
INSERT INTO `tbl_emp` VALUES ('327', '67d2b323', 'M', 'bbbb@qq.com', '2');
INSERT INTO `tbl_emp` VALUES ('328', 'c6d2b324', 'M', 'bbbb@qq.com', '2');
INSERT INTO `tbl_emp` VALUES ('329', '44637325', 'M', 'bbbb@qq.com', '2');
INSERT INTO `tbl_emp` VALUES ('330', '4d9cd326', 'M', 'bbbb@qq.com', '2');
INSERT INTO `tbl_emp` VALUES ('331', '71a21327', 'M', 'bbbb@qq.com', '2');
INSERT INTO `tbl_emp` VALUES ('332', '9848b328', 'M', 'bbbb@qq.com', '2');
INSERT INTO `tbl_emp` VALUES ('333', 'ea977329', 'M', 'bbbb@qq.com', '2');
INSERT INTO `tbl_emp` VALUES ('334', '92b1d330', 'M', 'bbbb@qq.com', '2');
INSERT INTO `tbl_emp` VALUES ('335', '479d7331', 'M', 'bbbb@qq.com', '2');
INSERT INTO `tbl_emp` VALUES ('336', '6ce11332', 'M', 'bbbb@qq.com', '2');
INSERT INTO `tbl_emp` VALUES ('337', 'c3bd2333', 'M', 'bbbb@qq.com', '2');
INSERT INTO `tbl_emp` VALUES ('338', '254da334', 'M', 'bbbb@qq.com', '2');
INSERT INTO `tbl_emp` VALUES ('339', '9526c335', 'M', 'bbbb@qq.com', '2');
INSERT INTO `tbl_emp` VALUES ('340', '00e2a336', 'M', 'bbbb@qq.com', '2');
INSERT INTO `tbl_emp` VALUES ('341', '08834337', 'M', 'bbbb@qq.com', '2');
INSERT INTO `tbl_emp` VALUES ('342', '349d2338', 'M', 'bbbb@qq.com', '2');
INSERT INTO `tbl_emp` VALUES ('343', 'dc80a339', 'M', 'bbbb@qq.com', '2');
INSERT INTO `tbl_emp` VALUES ('344', '37d2e340', 'M', 'bbbb@qq.com', '2');
INSERT INTO `tbl_emp` VALUES ('345', '0888a341', 'M', 'bbbb@qq.com', '2');
INSERT INTO `tbl_emp` VALUES ('346', 'c8986342', 'M', 'bbbb@qq.com', '2');
INSERT INTO `tbl_emp` VALUES ('347', 'b2273343', 'M', 'bbbb@qq.com', '2');
INSERT INTO `tbl_emp` VALUES ('348', '36a1a344', 'M', 'bbbb@qq.com', '2');
INSERT INTO `tbl_emp` VALUES ('349', '522cd345', 'M', 'bbbb@qq.com', '2');
INSERT INTO `tbl_emp` VALUES ('350', 'b71b3346', 'M', 'bbbb@qq.com', '2');
INSERT INTO `tbl_emp` VALUES ('351', 'e439c347', 'M', 'bbbb@qq.com', '2');
INSERT INTO `tbl_emp` VALUES ('352', '62142348', 'M', 'bbbb@qq.com', '2');
INSERT INTO `tbl_emp` VALUES ('353', 'f39b6349', 'M', 'bbbb@qq.com', '2');
INSERT INTO `tbl_emp` VALUES ('354', '78d59350', 'M', 'bbbb@qq.com', '2');
INSERT INTO `tbl_emp` VALUES ('355', 'e651f351', 'M', 'bbbb@qq.com', '2');
INSERT INTO `tbl_emp` VALUES ('356', '571dd352', 'M', 'bbbb@qq.com', '2');
INSERT INTO `tbl_emp` VALUES ('357', '7a085353', 'M', 'bbbb@qq.com', '2');
INSERT INTO `tbl_emp` VALUES ('358', 'e5240354', 'M', 'bbbb@qq.com', '2');
INSERT INTO `tbl_emp` VALUES ('359', 'f4985355', 'M', 'bbbb@qq.com', '2');
INSERT INTO `tbl_emp` VALUES ('360', '94fdd356', 'M', 'bbbb@qq.com', '2');
INSERT INTO `tbl_emp` VALUES ('361', 'd59b0357', 'M', 'bbbb@qq.com', '2');
INSERT INTO `tbl_emp` VALUES ('362', '10da6358', 'M', 'bbbb@qq.com', '2');
INSERT INTO `tbl_emp` VALUES ('363', 'b9097359', 'M', 'bbbb@qq.com', '2');
INSERT INTO `tbl_emp` VALUES ('364', '4942d360', 'M', 'bbbb@qq.com', '2');
INSERT INTO `tbl_emp` VALUES ('365', 'c5737361', 'M', 'bbbb@qq.com', '2');
INSERT INTO `tbl_emp` VALUES ('366', 'a093c362', 'M', 'bbbb@qq.com', '2');
INSERT INTO `tbl_emp` VALUES ('367', '18a10363', 'M', 'bbbb@qq.com', '2');
INSERT INTO `tbl_emp` VALUES ('368', '2b415364', 'M', 'bbbb@qq.com', '2');
INSERT INTO `tbl_emp` VALUES ('369', 'ab96e365', 'M', 'bbbb@qq.com', '2');
INSERT INTO `tbl_emp` VALUES ('370', '99280366', 'M', 'bbbb@qq.com', '2');
INSERT INTO `tbl_emp` VALUES ('371', 'ee8fe367', 'M', 'bbbb@qq.com', '2');
INSERT INTO `tbl_emp` VALUES ('372', 'f5f95368', 'M', 'bbbb@qq.com', '2');
INSERT INTO `tbl_emp` VALUES ('373', '6770d369', 'M', 'bbbb@qq.com', '2');
INSERT INTO `tbl_emp` VALUES ('374', '26515370', 'M', 'bbbb@qq.com', '2');
INSERT INTO `tbl_emp` VALUES ('375', 'f7511371', 'M', 'bbbb@qq.com', '2');
INSERT INTO `tbl_emp` VALUES ('376', '58076372', 'M', 'bbbb@qq.com', '2');
INSERT INTO `tbl_emp` VALUES ('377', 'e1299373', 'M', 'bbbb@qq.com', '2');
INSERT INTO `tbl_emp` VALUES ('378', '767ab374', 'M', 'bbbb@qq.com', '2');
INSERT INTO `tbl_emp` VALUES ('379', '2d5f2375', 'M', 'bbbb@qq.com', '2');
INSERT INTO `tbl_emp` VALUES ('380', 'e7f8e376', 'M', 'bbbb@qq.com', '2');
INSERT INTO `tbl_emp` VALUES ('381', 'e70fe377', 'M', 'bbbb@qq.com', '2');
INSERT INTO `tbl_emp` VALUES ('382', '95e70378', 'M', 'bbbb@qq.com', '2');
INSERT INTO `tbl_emp` VALUES ('383', '1a6e3379', 'M', 'bbbb@qq.com', '2');
INSERT INTO `tbl_emp` VALUES ('384', '1d0b1380', 'M', 'bbbb@qq.com', '2');
INSERT INTO `tbl_emp` VALUES ('385', '75638381', 'M', 'bbbb@qq.com', '2');
INSERT INTO `tbl_emp` VALUES ('386', 'f8a96382', 'M', 'bbbb@qq.com', '2');
INSERT INTO `tbl_emp` VALUES ('387', 'd9d52383', 'M', 'bbbb@qq.com', '2');
INSERT INTO `tbl_emp` VALUES ('388', '3788f384', 'M', 'bbbb@qq.com', '2');
INSERT INTO `tbl_emp` VALUES ('389', '6b1c8385', 'M', 'bbbb@qq.com', '2');
INSERT INTO `tbl_emp` VALUES ('390', '17bcd386', 'M', 'bbbb@qq.com', '2');
INSERT INTO `tbl_emp` VALUES ('391', '54aef387', 'M', 'bbbb@qq.com', '2');
INSERT INTO `tbl_emp` VALUES ('392', 'fff26388', 'M', 'bbbb@qq.com', '2');
INSERT INTO `tbl_emp` VALUES ('393', 'bbc66389', 'M', 'bbbb@qq.com', '2');
INSERT INTO `tbl_emp` VALUES ('394', 'd372e390', 'M', 'bbbb@qq.com', '2');
INSERT INTO `tbl_emp` VALUES ('395', 'b452e391', 'M', 'bbbb@qq.com', '2');
INSERT INTO `tbl_emp` VALUES ('396', 'a51f2392', 'M', 'bbbb@qq.com', '2');
INSERT INTO `tbl_emp` VALUES ('397', '3da84393', 'M', 'bbbb@qq.com', '2');
INSERT INTO `tbl_emp` VALUES ('398', 'adda4394', 'M', 'bbbb@qq.com', '2');
INSERT INTO `tbl_emp` VALUES ('399', 'e1e7f395', 'M', 'bbbb@qq.com', '2');
INSERT INTO `tbl_emp` VALUES ('400', 'bb860396', 'M', 'bbbb@qq.com', '2');
INSERT INTO `tbl_emp` VALUES ('401', 'a6fac397', 'M', 'bbbb@qq.com', '2');
INSERT INTO `tbl_emp` VALUES ('402', '0abf1398', 'M', 'bbbb@qq.com', '2');
INSERT INTO `tbl_emp` VALUES ('403', '62534399', 'M', 'bbbb@qq.com', '2');
INSERT INTO `tbl_emp` VALUES ('404', '4246b400', 'M', 'bbbb@qq.com', '2');
INSERT INTO `tbl_emp` VALUES ('405', '273d6401', 'M', 'bbbb@qq.com', '2');
INSERT INTO `tbl_emp` VALUES ('406', 'aa683402', 'M', 'bbbb@qq.com', '2');
INSERT INTO `tbl_emp` VALUES ('407', 'bf9a8403', 'M', 'bbbb@qq.com', '2');
INSERT INTO `tbl_emp` VALUES ('408', '7e8a0404', 'M', 'bbbb@qq.com', '2');
INSERT INTO `tbl_emp` VALUES ('409', 'f1d84405', 'M', 'bbbb@qq.com', '2');
INSERT INTO `tbl_emp` VALUES ('410', 'c3baf406', 'M', 'bbbb@qq.com', '2');
INSERT INTO `tbl_emp` VALUES ('411', 'a3caa407', 'M', 'bbbb@qq.com', '2');
INSERT INTO `tbl_emp` VALUES ('412', 'ceef7408', 'M', 'bbbb@qq.com', '2');
INSERT INTO `tbl_emp` VALUES ('413', '6ff86409', 'M', 'bbbb@qq.com', '2');
INSERT INTO `tbl_emp` VALUES ('414', '3fd82410', 'M', 'bbbb@qq.com', '2');
INSERT INTO `tbl_emp` VALUES ('415', '5b9d1411', 'M', 'bbbb@qq.com', '2');
INSERT INTO `tbl_emp` VALUES ('416', '8b9f9412', 'M', 'bbbb@qq.com', '2');
INSERT INTO `tbl_emp` VALUES ('417', 'fead0413', 'M', 'bbbb@qq.com', '2');
INSERT INTO `tbl_emp` VALUES ('418', '42ea8414', 'M', 'bbbb@qq.com', '2');
INSERT INTO `tbl_emp` VALUES ('419', '75275415', 'M', 'bbbb@qq.com', '2');
INSERT INTO `tbl_emp` VALUES ('420', '5b780416', 'M', 'bbbb@qq.com', '2');
INSERT INTO `tbl_emp` VALUES ('421', 'fd98e417', 'M', 'bbbb@qq.com', '2');
INSERT INTO `tbl_emp` VALUES ('422', 'a0d08418', 'M', 'bbbb@qq.com', '2');
INSERT INTO `tbl_emp` VALUES ('423', 'c14d7419', 'M', 'bbbb@qq.com', '2');
INSERT INTO `tbl_emp` VALUES ('424', '660b5420', 'M', 'bbbb@qq.com', '2');
INSERT INTO `tbl_emp` VALUES ('425', '5d94a421', 'M', 'bbbb@qq.com', '2');
INSERT INTO `tbl_emp` VALUES ('426', '137d3422', 'M', 'bbbb@qq.com', '2');
INSERT INTO `tbl_emp` VALUES ('427', '47bc2423', 'M', 'bbbb@qq.com', '2');
INSERT INTO `tbl_emp` VALUES ('428', 'c7180424', 'M', 'bbbb@qq.com', '2');
INSERT INTO `tbl_emp` VALUES ('429', '12a97425', 'M', 'bbbb@qq.com', '2');
INSERT INTO `tbl_emp` VALUES ('430', '3f445426', 'M', 'bbbb@qq.com', '2');
INSERT INTO `tbl_emp` VALUES ('431', 'ed1fa427', 'M', 'bbbb@qq.com', '2');
INSERT INTO `tbl_emp` VALUES ('432', '58e22428', 'M', 'bbbb@qq.com', '2');
INSERT INTO `tbl_emp` VALUES ('433', '81e35429', 'M', 'bbbb@qq.com', '2');
INSERT INTO `tbl_emp` VALUES ('434', 'd2181430', 'M', 'bbbb@qq.com', '2');
INSERT INTO `tbl_emp` VALUES ('435', '27f61431', 'M', 'bbbb@qq.com', '2');
INSERT INTO `tbl_emp` VALUES ('436', 'df642432', 'M', 'bbbb@qq.com', '2');
INSERT INTO `tbl_emp` VALUES ('437', '4dbc4433', 'M', 'bbbb@qq.com', '2');
INSERT INTO `tbl_emp` VALUES ('438', 'a8277434', 'M', 'bbbb@qq.com', '2');
INSERT INTO `tbl_emp` VALUES ('439', '3585d435', 'M', 'bbbb@qq.com', '2');
INSERT INTO `tbl_emp` VALUES ('440', '5b83c436', 'M', 'bbbb@qq.com', '2');
INSERT INTO `tbl_emp` VALUES ('441', '638cf437', 'M', 'bbbb@qq.com', '2');
INSERT INTO `tbl_emp` VALUES ('442', 'a9835438', 'M', 'bbbb@qq.com', '2');
INSERT INTO `tbl_emp` VALUES ('443', '1b6c8439', 'M', 'bbbb@qq.com', '2');
INSERT INTO `tbl_emp` VALUES ('444', '86b95440', 'M', 'bbbb@qq.com', '2');
INSERT INTO `tbl_emp` VALUES ('445', '7871b441', 'M', 'bbbb@qq.com', '2');
INSERT INTO `tbl_emp` VALUES ('446', 'd3739442', 'M', 'bbbb@qq.com', '2');
INSERT INTO `tbl_emp` VALUES ('447', '7ee26443', 'M', 'bbbb@qq.com', '2');
INSERT INTO `tbl_emp` VALUES ('448', '6b83d444', 'M', 'bbbb@qq.com', '2');
INSERT INTO `tbl_emp` VALUES ('449', '36a02445', 'M', 'bbbb@qq.com', '2');
INSERT INTO `tbl_emp` VALUES ('450', '35755446', 'M', 'bbbb@qq.com', '2');
INSERT INTO `tbl_emp` VALUES ('451', '32994447', 'M', 'bbbb@qq.com', '2');
INSERT INTO `tbl_emp` VALUES ('452', 'c984b448', 'M', 'bbbb@qq.com', '2');
INSERT INTO `tbl_emp` VALUES ('453', '3215b449', 'M', 'bbbb@qq.com', '2');
INSERT INTO `tbl_emp` VALUES ('454', 'f5876450', 'M', 'bbbb@qq.com', '2');
INSERT INTO `tbl_emp` VALUES ('455', 'ea74a451', 'M', 'bbbb@qq.com', '2');
INSERT INTO `tbl_emp` VALUES ('456', 'b73d2452', 'M', 'bbbb@qq.com', '2');
INSERT INTO `tbl_emp` VALUES ('457', '6b06d453', 'M', 'bbbb@qq.com', '2');
INSERT INTO `tbl_emp` VALUES ('458', 'b7f0a454', 'M', 'bbbb@qq.com', '2');
INSERT INTO `tbl_emp` VALUES ('459', '6d281455', 'M', 'bbbb@qq.com', '2');
INSERT INTO `tbl_emp` VALUES ('460', 'd5a83456', 'M', 'bbbb@qq.com', '2');
INSERT INTO `tbl_emp` VALUES ('461', '754e7457', 'M', 'bbbb@qq.com', '2');
INSERT INTO `tbl_emp` VALUES ('462', 'decaf458', 'M', 'bbbb@qq.com', '2');
INSERT INTO `tbl_emp` VALUES ('463', '0bfa0459', 'M', 'bbbb@qq.com', '2');
INSERT INTO `tbl_emp` VALUES ('464', '410ef460', 'M', 'bbbb@qq.com', '2');
INSERT INTO `tbl_emp` VALUES ('465', '3e06f461', 'M', 'bbbb@qq.com', '2');
INSERT INTO `tbl_emp` VALUES ('466', '1658a462', 'M', 'bbbb@qq.com', '2');
INSERT INTO `tbl_emp` VALUES ('467', '5ab19463', 'M', 'bbbb@qq.com', '2');
INSERT INTO `tbl_emp` VALUES ('468', '05c6d464', 'M', 'bbbb@qq.com', '2');
INSERT INTO `tbl_emp` VALUES ('469', '214bc465', 'M', 'bbbb@qq.com', '2');
INSERT INTO `tbl_emp` VALUES ('470', '12d23466', 'M', 'bbbb@qq.com', '2');
INSERT INTO `tbl_emp` VALUES ('471', '91edf467', 'M', 'bbbb@qq.com', '2');
INSERT INTO `tbl_emp` VALUES ('472', '3174f468', 'M', 'bbbb@qq.com', '2');
INSERT INTO `tbl_emp` VALUES ('473', 'fff7d469', 'M', 'bbbb@qq.com', '2');
INSERT INTO `tbl_emp` VALUES ('474', '428f2470', 'M', 'bbbb@qq.com', '2');
INSERT INTO `tbl_emp` VALUES ('475', 'b6856471', 'M', 'bbbb@qq.com', '2');
INSERT INTO `tbl_emp` VALUES ('476', '9a800472', 'M', 'bbbb@qq.com', '2');
INSERT INTO `tbl_emp` VALUES ('477', '76c80473', 'M', 'bbbb@qq.com', '2');
INSERT INTO `tbl_emp` VALUES ('478', 'd5f8b474', 'M', 'bbbb@qq.com', '2');
INSERT INTO `tbl_emp` VALUES ('479', 'a5e38475', 'M', 'bbbb@qq.com', '2');
INSERT INTO `tbl_emp` VALUES ('480', 'a11a7476', 'M', 'bbbb@qq.com', '2');
INSERT INTO `tbl_emp` VALUES ('481', 'd4006477', 'M', 'bbbb@qq.com', '2');
INSERT INTO `tbl_emp` VALUES ('482', 'c0e1b478', 'M', 'bbbb@qq.com', '2');
INSERT INTO `tbl_emp` VALUES ('483', '772d8479', 'M', 'bbbb@qq.com', '2');
INSERT INTO `tbl_emp` VALUES ('484', '31907480', 'M', 'bbbb@qq.com', '2');
INSERT INTO `tbl_emp` VALUES ('485', '9625b481', 'M', 'bbbb@qq.com', '2');
INSERT INTO `tbl_emp` VALUES ('486', 'd16b7482', 'M', 'bbbb@qq.com', '2');
INSERT INTO `tbl_emp` VALUES ('487', 'f3b23483', 'M', 'bbbb@qq.com', '2');
INSERT INTO `tbl_emp` VALUES ('488', '6401a484', 'M', 'bbbb@qq.com', '2');
INSERT INTO `tbl_emp` VALUES ('489', 'a5cd4485', 'M', 'bbbb@qq.com', '2');
INSERT INTO `tbl_emp` VALUES ('490', 'adddb486', 'M', 'bbbb@qq.com', '2');
INSERT INTO `tbl_emp` VALUES ('491', '8d455487', 'M', 'bbbb@qq.com', '2');
INSERT INTO `tbl_emp` VALUES ('492', '32e6f488', 'M', 'bbbb@qq.com', '2');
INSERT INTO `tbl_emp` VALUES ('493', '9b211489', 'M', 'bbbb@qq.com', '2');
INSERT INTO `tbl_emp` VALUES ('494', '8a8d6490', 'M', 'bbbb@qq.com', '2');
INSERT INTO `tbl_emp` VALUES ('495', 'f71c9491', 'M', 'bbbb@qq.com', '2');
INSERT INTO `tbl_emp` VALUES ('496', 'a2e42492', 'M', 'bbbb@qq.com', '2');
INSERT INTO `tbl_emp` VALUES ('497', 'c9231493', 'M', 'bbbb@qq.com', '2');
INSERT INTO `tbl_emp` VALUES ('498', '8fbf8494', 'M', 'bbbb@qq.com', '2');
INSERT INTO `tbl_emp` VALUES ('499', '067de495', 'M', 'bbbb@qq.com', '2');
INSERT INTO `tbl_emp` VALUES ('500', '3f4a4496', 'M', 'bbbb@qq.com', '2');
INSERT INTO `tbl_emp` VALUES ('501', 'cf311497', 'M', 'bbbb@qq.com', '2');
INSERT INTO `tbl_emp` VALUES ('502', '8e2b5498', 'M', 'bbbb@qq.com', '2');
INSERT INTO `tbl_emp` VALUES ('503', '28a25499', 'M', 'bbbb@qq.com', '2');
INSERT INTO `tbl_emp` VALUES ('504', '2367e500', 'M', 'bbbb@qq.com', '2');
INSERT INTO `tbl_emp` VALUES ('505', '9e21e501', 'M', 'bbbb@qq.com', '2');
INSERT INTO `tbl_emp` VALUES ('506', 'ad00d502', 'M', 'bbbb@qq.com', '2');
INSERT INTO `tbl_emp` VALUES ('507', '720b9503', 'M', 'bbbb@qq.com', '2');
INSERT INTO `tbl_emp` VALUES ('508', '37774504', 'M', 'bbbb@qq.com', '2');
INSERT INTO `tbl_emp` VALUES ('509', '546fe505', 'M', 'bbbb@qq.com', '2');
INSERT INTO `tbl_emp` VALUES ('510', '521d6506', 'M', 'bbbb@qq.com', '2');
INSERT INTO `tbl_emp` VALUES ('511', '71e77507', 'M', 'bbbb@qq.com', '2');
INSERT INTO `tbl_emp` VALUES ('512', 'ceb99508', 'M', 'bbbb@qq.com', '2');
INSERT INTO `tbl_emp` VALUES ('513', '70f35509', 'M', 'bbbb@qq.com', '2');
INSERT INTO `tbl_emp` VALUES ('514', '2fe87510', 'M', 'bbbb@qq.com', '2');
INSERT INTO `tbl_emp` VALUES ('515', '4caf1511', 'M', 'bbbb@qq.com', '2');
INSERT INTO `tbl_emp` VALUES ('516', '9d9ba512', 'M', 'bbbb@qq.com', '2');
INSERT INTO `tbl_emp` VALUES ('517', 'a532f513', 'M', 'bbbb@qq.com', '2');
INSERT INTO `tbl_emp` VALUES ('518', 'a153b514', 'M', 'bbbb@qq.com', '2');
INSERT INTO `tbl_emp` VALUES ('519', '80d16515', 'M', 'bbbb@qq.com', '2');
INSERT INTO `tbl_emp` VALUES ('520', '1f429516', 'M', 'bbbb@qq.com', '2');
INSERT INTO `tbl_emp` VALUES ('521', '595ea517', 'M', 'bbbb@qq.com', '2');
INSERT INTO `tbl_emp` VALUES ('522', '0c081518', 'M', 'bbbb@qq.com', '2');
INSERT INTO `tbl_emp` VALUES ('523', 'cbbce519', 'M', 'bbbb@qq.com', '2');
INSERT INTO `tbl_emp` VALUES ('524', '50a5c520', 'M', 'bbbb@qq.com', '2');
INSERT INTO `tbl_emp` VALUES ('525', '95098521', 'M', 'bbbb@qq.com', '2');
INSERT INTO `tbl_emp` VALUES ('526', 'cbb62522', 'M', 'bbbb@qq.com', '2');
INSERT INTO `tbl_emp` VALUES ('527', 'e56e4523', 'M', 'bbbb@qq.com', '2');
INSERT INTO `tbl_emp` VALUES ('528', '1cadd524', 'M', 'bbbb@qq.com', '2');
INSERT INTO `tbl_emp` VALUES ('529', 'b1ac4525', 'M', 'bbbb@qq.com', '2');
INSERT INTO `tbl_emp` VALUES ('530', '48db5526', 'M', 'bbbb@qq.com', '2');
INSERT INTO `tbl_emp` VALUES ('531', '65caa527', 'M', 'bbbb@qq.com', '2');
INSERT INTO `tbl_emp` VALUES ('532', '7561b528', 'M', 'bbbb@qq.com', '2');
INSERT INTO `tbl_emp` VALUES ('533', '7e3fb529', 'M', 'bbbb@qq.com', '2');
INSERT INTO `tbl_emp` VALUES ('534', 'adea7530', 'M', 'bbbb@qq.com', '2');
INSERT INTO `tbl_emp` VALUES ('535', '686e8531', 'M', 'bbbb@qq.com', '2');
INSERT INTO `tbl_emp` VALUES ('536', '7b380532', 'M', 'bbbb@qq.com', '2');
INSERT INTO `tbl_emp` VALUES ('537', 'f6966533', 'M', 'bbbb@qq.com', '2');
INSERT INTO `tbl_emp` VALUES ('538', '11277534', 'M', 'bbbb@qq.com', '2');
INSERT INTO `tbl_emp` VALUES ('539', '8b633535', 'M', 'bbbb@qq.com', '2');
INSERT INTO `tbl_emp` VALUES ('540', '714de536', 'M', 'bbbb@qq.com', '2');
INSERT INTO `tbl_emp` VALUES ('541', 'e9a91537', 'M', 'bbbb@qq.com', '2');
INSERT INTO `tbl_emp` VALUES ('542', '752c6538', 'M', 'bbbb@qq.com', '2');
INSERT INTO `tbl_emp` VALUES ('543', 'dd458539', 'M', 'bbbb@qq.com', '2');
INSERT INTO `tbl_emp` VALUES ('544', '1c646540', 'M', 'bbbb@qq.com', '2');
INSERT INTO `tbl_emp` VALUES ('545', 'a575f541', 'M', 'bbbb@qq.com', '2');
INSERT INTO `tbl_emp` VALUES ('546', '95d49542', 'M', 'bbbb@qq.com', '2');
INSERT INTO `tbl_emp` VALUES ('547', 'b0d4a543', 'M', 'bbbb@qq.com', '2');
INSERT INTO `tbl_emp` VALUES ('548', '2cec0544', 'M', 'bbbb@qq.com', '2');
INSERT INTO `tbl_emp` VALUES ('549', 'd8d80545', 'M', 'bbbb@qq.com', '2');
INSERT INTO `tbl_emp` VALUES ('550', '83a87546', 'M', 'bbbb@qq.com', '2');
INSERT INTO `tbl_emp` VALUES ('551', 'c4931547', 'M', 'bbbb@qq.com', '2');
INSERT INTO `tbl_emp` VALUES ('552', '66042548', 'M', 'bbbb@qq.com', '2');
INSERT INTO `tbl_emp` VALUES ('553', '609ae549', 'M', 'bbbb@qq.com', '2');
INSERT INTO `tbl_emp` VALUES ('554', 'c870e550', 'M', 'bbbb@qq.com', '2');
INSERT INTO `tbl_emp` VALUES ('555', '45065551', 'M', 'bbbb@qq.com', '2');
INSERT INTO `tbl_emp` VALUES ('556', 'f0c72552', 'M', 'bbbb@qq.com', '2');
INSERT INTO `tbl_emp` VALUES ('557', 'cfc13553', 'M', 'bbbb@qq.com', '2');
INSERT INTO `tbl_emp` VALUES ('558', '0076d554', 'M', 'bbbb@qq.com', '2');
INSERT INTO `tbl_emp` VALUES ('559', 'dfb5b555', 'M', 'bbbb@qq.com', '2');
INSERT INTO `tbl_emp` VALUES ('560', '4ae68556', 'M', 'bbbb@qq.com', '2');
INSERT INTO `tbl_emp` VALUES ('561', '24896557', 'M', 'bbbb@qq.com', '2');
INSERT INTO `tbl_emp` VALUES ('562', '6556c558', 'M', 'bbbb@qq.com', '2');
INSERT INTO `tbl_emp` VALUES ('563', '5618b559', 'M', 'bbbb@qq.com', '2');
INSERT INTO `tbl_emp` VALUES ('564', '696c7560', 'M', 'bbbb@qq.com', '2');
INSERT INTO `tbl_emp` VALUES ('565', 'affbe561', 'M', 'bbbb@qq.com', '2');
INSERT INTO `tbl_emp` VALUES ('566', '0f9ab562', 'M', 'bbbb@qq.com', '2');
INSERT INTO `tbl_emp` VALUES ('567', 'b364d563', 'M', 'bbbb@qq.com', '2');
INSERT INTO `tbl_emp` VALUES ('568', 'fd3a8564', 'M', 'bbbb@qq.com', '2');
INSERT INTO `tbl_emp` VALUES ('569', '2358c565', 'M', 'bbbb@qq.com', '2');
INSERT INTO `tbl_emp` VALUES ('570', '4ba5b566', 'M', 'bbbb@qq.com', '2');
INSERT INTO `tbl_emp` VALUES ('571', 'f5e7e567', 'M', 'bbbb@qq.com', '2');
INSERT INTO `tbl_emp` VALUES ('572', 'aa043568', 'M', 'bbbb@qq.com', '2');
INSERT INTO `tbl_emp` VALUES ('573', '22228569', 'M', 'bbbb@qq.com', '2');
INSERT INTO `tbl_emp` VALUES ('574', '84013570', 'M', 'bbbb@qq.com', '2');
INSERT INTO `tbl_emp` VALUES ('575', '080ed571', 'M', 'bbbb@qq.com', '2');
INSERT INTO `tbl_emp` VALUES ('576', 'a6901572', 'M', 'bbbb@qq.com', '2');
INSERT INTO `tbl_emp` VALUES ('577', '76021573', 'M', 'bbbb@qq.com', '2');
INSERT INTO `tbl_emp` VALUES ('578', '4e891574', 'M', 'bbbb@qq.com', '2');
INSERT INTO `tbl_emp` VALUES ('579', '3daff575', 'M', 'bbbb@qq.com', '2');
INSERT INTO `tbl_emp` VALUES ('580', 'd7ad8576', 'M', 'bbbb@qq.com', '2');
INSERT INTO `tbl_emp` VALUES ('581', '7d035577', 'M', 'bbbb@qq.com', '2');
INSERT INTO `tbl_emp` VALUES ('582', 'c0d07578', 'M', 'bbbb@qq.com', '2');
INSERT INTO `tbl_emp` VALUES ('583', '6db94579', 'M', 'bbbb@qq.com', '2');
INSERT INTO `tbl_emp` VALUES ('584', '59adf580', 'M', 'bbbb@qq.com', '2');
INSERT INTO `tbl_emp` VALUES ('585', '9b384581', 'M', 'bbbb@qq.com', '2');
INSERT INTO `tbl_emp` VALUES ('586', 'b19b5582', 'M', 'bbbb@qq.com', '2');
INSERT INTO `tbl_emp` VALUES ('587', '56d51583', 'M', 'bbbb@qq.com', '2');
INSERT INTO `tbl_emp` VALUES ('588', '7a3fb584', 'M', 'bbbb@qq.com', '2');
INSERT INTO `tbl_emp` VALUES ('589', '9f203585', 'M', 'bbbb@qq.com', '2');
INSERT INTO `tbl_emp` VALUES ('590', 'e8ff7586', 'M', 'bbbb@qq.com', '2');
INSERT INTO `tbl_emp` VALUES ('591', '836f9587', 'M', 'bbbb@qq.com', '2');
INSERT INTO `tbl_emp` VALUES ('592', 'dd870588', 'M', 'bbbb@qq.com', '2');
INSERT INTO `tbl_emp` VALUES ('593', 'b1c73589', 'M', 'bbbb@qq.com', '2');
INSERT INTO `tbl_emp` VALUES ('594', 'b40b1590', 'M', 'bbbb@qq.com', '2');
INSERT INTO `tbl_emp` VALUES ('595', 'e4880591', 'M', 'bbbb@qq.com', '2');
INSERT INTO `tbl_emp` VALUES ('596', 'fa3ce592', 'M', 'bbbb@qq.com', '2');
INSERT INTO `tbl_emp` VALUES ('597', '2f77b593', 'M', 'bbbb@qq.com', '2');
INSERT INTO `tbl_emp` VALUES ('598', 'c6ba8594', 'M', 'bbbb@qq.com', '2');
INSERT INTO `tbl_emp` VALUES ('599', '5d3be595', 'M', 'bbbb@qq.com', '2');
INSERT INTO `tbl_emp` VALUES ('600', 'c1939596', 'M', 'bbbb@qq.com', '2');
INSERT INTO `tbl_emp` VALUES ('601', '78741597', 'M', 'bbbb@qq.com', '2');
INSERT INTO `tbl_emp` VALUES ('602', 'b4908598', 'M', 'bbbb@qq.com', '2');
INSERT INTO `tbl_emp` VALUES ('603', '77557599', 'M', 'bbbb@qq.com', '2');
INSERT INTO `tbl_emp` VALUES ('604', '94b27600', 'M', 'bbbb@qq.com', '2');
INSERT INTO `tbl_emp` VALUES ('605', '03d69601', 'M', 'bbbb@qq.com', '2');
INSERT INTO `tbl_emp` VALUES ('606', '81858602', 'M', 'bbbb@qq.com', '2');
INSERT INTO `tbl_emp` VALUES ('607', '246c0603', 'M', 'bbbb@qq.com', '2');
INSERT INTO `tbl_emp` VALUES ('608', '4bfb6604', 'M', 'bbbb@qq.com', '2');
INSERT INTO `tbl_emp` VALUES ('609', 'fb24d605', 'M', 'bbbb@qq.com', '2');
INSERT INTO `tbl_emp` VALUES ('610', 'f7b05606', 'M', 'bbbb@qq.com', '2');
INSERT INTO `tbl_emp` VALUES ('611', '62c7b607', 'M', 'bbbb@qq.com', '2');
INSERT INTO `tbl_emp` VALUES ('612', '987b7608', 'M', 'bbbb@qq.com', '2');
INSERT INTO `tbl_emp` VALUES ('613', '63a27609', 'M', 'bbbb@qq.com', '2');
INSERT INTO `tbl_emp` VALUES ('614', '2af06610', 'M', 'bbbb@qq.com', '2');
INSERT INTO `tbl_emp` VALUES ('615', 'd8ed4611', 'M', 'bbbb@qq.com', '2');
INSERT INTO `tbl_emp` VALUES ('616', 'e3b14612', 'M', 'bbbb@qq.com', '2');
INSERT INTO `tbl_emp` VALUES ('617', 'b6f7e613', 'M', 'bbbb@qq.com', '2');
INSERT INTO `tbl_emp` VALUES ('618', '8f7b2614', 'M', 'bbbb@qq.com', '2');
INSERT INTO `tbl_emp` VALUES ('619', 'c9194615', 'M', 'bbbb@qq.com', '2');
INSERT INTO `tbl_emp` VALUES ('620', 'ef7cf616', 'M', 'bbbb@qq.com', '2');
INSERT INTO `tbl_emp` VALUES ('621', '32e6c617', 'M', 'bbbb@qq.com', '2');
INSERT INTO `tbl_emp` VALUES ('622', '0f26d618', 'M', 'bbbb@qq.com', '2');
INSERT INTO `tbl_emp` VALUES ('623', '573d2619', 'M', 'bbbb@qq.com', '2');
INSERT INTO `tbl_emp` VALUES ('624', 'cf889620', 'M', 'bbbb@qq.com', '2');
INSERT INTO `tbl_emp` VALUES ('625', '8aee5621', 'M', 'bbbb@qq.com', '2');
INSERT INTO `tbl_emp` VALUES ('626', '6ee89622', 'M', 'bbbb@qq.com', '2');
INSERT INTO `tbl_emp` VALUES ('627', '1372a623', 'M', 'bbbb@qq.com', '2');
INSERT INTO `tbl_emp` VALUES ('628', 'a09a0624', 'M', 'bbbb@qq.com', '2');
INSERT INTO `tbl_emp` VALUES ('629', 'e8ca5625', 'M', 'bbbb@qq.com', '2');
INSERT INTO `tbl_emp` VALUES ('630', '11328626', 'M', 'bbbb@qq.com', '2');
INSERT INTO `tbl_emp` VALUES ('631', '0babd627', 'M', 'bbbb@qq.com', '2');
INSERT INTO `tbl_emp` VALUES ('632', '6ff95628', 'M', 'bbbb@qq.com', '2');
INSERT INTO `tbl_emp` VALUES ('633', '4f990629', 'M', 'bbbb@qq.com', '2');
INSERT INTO `tbl_emp` VALUES ('634', '405fe630', 'M', 'bbbb@qq.com', '2');
INSERT INTO `tbl_emp` VALUES ('635', 'e6cee631', 'M', 'bbbb@qq.com', '2');
INSERT INTO `tbl_emp` VALUES ('636', '70ad1632', 'M', 'bbbb@qq.com', '2');
INSERT INTO `tbl_emp` VALUES ('637', '6f35b633', 'M', 'bbbb@qq.com', '2');
INSERT INTO `tbl_emp` VALUES ('638', '6d00f634', 'M', 'bbbb@qq.com', '2');
INSERT INTO `tbl_emp` VALUES ('639', 'e9ad1635', 'M', 'bbbb@qq.com', '2');
INSERT INTO `tbl_emp` VALUES ('640', '715b4636', 'M', 'bbbb@qq.com', '2');
INSERT INTO `tbl_emp` VALUES ('641', '25d10637', 'M', 'bbbb@qq.com', '2');
INSERT INTO `tbl_emp` VALUES ('642', '98671638', 'M', 'bbbb@qq.com', '2');
INSERT INTO `tbl_emp` VALUES ('643', '4100c639', 'M', 'bbbb@qq.com', '2');
INSERT INTO `tbl_emp` VALUES ('644', '1304e640', 'M', 'bbbb@qq.com', '2');
INSERT INTO `tbl_emp` VALUES ('645', '424f8641', 'M', 'bbbb@qq.com', '2');
INSERT INTO `tbl_emp` VALUES ('646', '59fde642', 'M', 'bbbb@qq.com', '2');
INSERT INTO `tbl_emp` VALUES ('647', '9c8ee643', 'M', 'bbbb@qq.com', '2');
INSERT INTO `tbl_emp` VALUES ('648', '7db65644', 'M', 'bbbb@qq.com', '2');
INSERT INTO `tbl_emp` VALUES ('649', 'd03f9645', 'M', 'bbbb@qq.com', '2');
INSERT INTO `tbl_emp` VALUES ('650', '2e36c646', 'M', 'bbbb@qq.com', '2');
INSERT INTO `tbl_emp` VALUES ('651', '8186a647', 'M', 'bbbb@qq.com', '2');
INSERT INTO `tbl_emp` VALUES ('652', '2ec76648', 'M', 'bbbb@qq.com', '2');
INSERT INTO `tbl_emp` VALUES ('653', '2a20e649', 'M', 'bbbb@qq.com', '2');
INSERT INTO `tbl_emp` VALUES ('654', '848c7650', 'M', 'bbbb@qq.com', '2');
INSERT INTO `tbl_emp` VALUES ('655', '080b8651', 'M', 'bbbb@qq.com', '2');
INSERT INTO `tbl_emp` VALUES ('656', 'b4b75652', 'M', 'bbbb@qq.com', '2');
INSERT INTO `tbl_emp` VALUES ('657', '8242a653', 'M', 'bbbb@qq.com', '2');
INSERT INTO `tbl_emp` VALUES ('658', 'aa1a5654', 'M', 'bbbb@qq.com', '2');
INSERT INTO `tbl_emp` VALUES ('659', 'ed22d655', 'M', 'bbbb@qq.com', '2');
INSERT INTO `tbl_emp` VALUES ('660', '83d2f656', 'M', 'bbbb@qq.com', '2');
INSERT INTO `tbl_emp` VALUES ('661', '0640d657', 'M', 'bbbb@qq.com', '2');
INSERT INTO `tbl_emp` VALUES ('662', '17a59658', 'M', 'bbbb@qq.com', '2');
INSERT INTO `tbl_emp` VALUES ('663', 'cdd7c659', 'M', 'bbbb@qq.com', '2');
INSERT INTO `tbl_emp` VALUES ('664', '45884660', 'M', 'bbbb@qq.com', '2');
INSERT INTO `tbl_emp` VALUES ('665', 'b5038661', 'M', 'bbbb@qq.com', '2');
INSERT INTO `tbl_emp` VALUES ('666', 'c9ab4662', 'M', 'bbbb@qq.com', '2');
INSERT INTO `tbl_emp` VALUES ('667', 'fcb96663', 'M', 'bbbb@qq.com', '2');
INSERT INTO `tbl_emp` VALUES ('668', '8b54d664', 'M', 'bbbb@qq.com', '2');
INSERT INTO `tbl_emp` VALUES ('669', 'fc697665', 'M', 'bbbb@qq.com', '2');
INSERT INTO `tbl_emp` VALUES ('670', 'c3d50666', 'M', 'bbbb@qq.com', '2');
INSERT INTO `tbl_emp` VALUES ('671', '556c6667', 'M', 'bbbb@qq.com', '2');
INSERT INTO `tbl_emp` VALUES ('672', 'bbcfb668', 'M', 'bbbb@qq.com', '2');
INSERT INTO `tbl_emp` VALUES ('673', '0ca2f669', 'M', 'bbbb@qq.com', '2');
INSERT INTO `tbl_emp` VALUES ('674', '69cda670', 'M', 'bbbb@qq.com', '2');
INSERT INTO `tbl_emp` VALUES ('675', '83599671', 'M', 'bbbb@qq.com', '2');
INSERT INTO `tbl_emp` VALUES ('676', 'c352d672', 'M', 'bbbb@qq.com', '2');
INSERT INTO `tbl_emp` VALUES ('677', '8c6db673', 'M', 'bbbb@qq.com', '2');
INSERT INTO `tbl_emp` VALUES ('678', 'd432c674', 'M', 'bbbb@qq.com', '2');
INSERT INTO `tbl_emp` VALUES ('679', '174ce675', 'M', 'bbbb@qq.com', '2');
INSERT INTO `tbl_emp` VALUES ('680', '9daa6676', 'M', 'bbbb@qq.com', '2');
INSERT INTO `tbl_emp` VALUES ('681', 'eba15677', 'M', 'bbbb@qq.com', '2');
INSERT INTO `tbl_emp` VALUES ('682', '44e0d678', 'M', 'bbbb@qq.com', '2');
INSERT INTO `tbl_emp` VALUES ('683', '5d74c679', 'M', 'bbbb@qq.com', '2');
INSERT INTO `tbl_emp` VALUES ('684', '41d72680', 'M', 'bbbb@qq.com', '2');
INSERT INTO `tbl_emp` VALUES ('685', '34bb6681', 'M', 'bbbb@qq.com', '2');
INSERT INTO `tbl_emp` VALUES ('686', '290e6682', 'M', 'bbbb@qq.com', '2');
INSERT INTO `tbl_emp` VALUES ('687', '530a0683', 'M', 'bbbb@qq.com', '2');
INSERT INTO `tbl_emp` VALUES ('688', '73fc4684', 'M', 'bbbb@qq.com', '2');
INSERT INTO `tbl_emp` VALUES ('689', '8670e685', 'M', 'bbbb@qq.com', '2');
INSERT INTO `tbl_emp` VALUES ('690', 'aa1b7686', 'M', 'bbbb@qq.com', '2');
INSERT INTO `tbl_emp` VALUES ('691', '6c59f687', 'M', 'bbbb@qq.com', '2');
INSERT INTO `tbl_emp` VALUES ('692', 'd3b35688', 'M', 'bbbb@qq.com', '2');
INSERT INTO `tbl_emp` VALUES ('693', 'b12fa689', 'M', 'bbbb@qq.com', '2');
INSERT INTO `tbl_emp` VALUES ('694', '48115690', 'M', 'bbbb@qq.com', '2');
INSERT INTO `tbl_emp` VALUES ('695', '09826691', 'M', 'bbbb@qq.com', '2');
INSERT INTO `tbl_emp` VALUES ('696', 'e9469692', 'M', 'bbbb@qq.com', '2');
INSERT INTO `tbl_emp` VALUES ('697', '10775693', 'M', 'bbbb@qq.com', '2');
INSERT INTO `tbl_emp` VALUES ('698', 'f64b9694', 'M', 'bbbb@qq.com', '2');
INSERT INTO `tbl_emp` VALUES ('699', 'db2c8695', 'M', 'bbbb@qq.com', '2');
INSERT INTO `tbl_emp` VALUES ('700', 'd6302696', 'M', 'bbbb@qq.com', '2');
INSERT INTO `tbl_emp` VALUES ('701', 'f7711697', 'M', 'bbbb@qq.com', '2');
INSERT INTO `tbl_emp` VALUES ('702', '03e18698', 'M', 'bbbb@qq.com', '2');
INSERT INTO `tbl_emp` VALUES ('703', 'c008c699', 'M', 'bbbb@qq.com', '2');
INSERT INTO `tbl_emp` VALUES ('704', '7131e700', 'M', 'bbbb@qq.com', '2');
INSERT INTO `tbl_emp` VALUES ('705', 'f370b701', 'M', 'bbbb@qq.com', '2');
INSERT INTO `tbl_emp` VALUES ('706', '2ac75702', 'M', 'bbbb@qq.com', '2');
INSERT INTO `tbl_emp` VALUES ('707', 'df687703', 'M', 'bbbb@qq.com', '2');
INSERT INTO `tbl_emp` VALUES ('708', 'a2f5f704', 'M', 'bbbb@qq.com', '2');
INSERT INTO `tbl_emp` VALUES ('709', '9264c705', 'M', 'bbbb@qq.com', '2');
INSERT INTO `tbl_emp` VALUES ('710', 'acb33706', 'M', 'bbbb@qq.com', '2');
INSERT INTO `tbl_emp` VALUES ('711', '985cb707', 'M', 'bbbb@qq.com', '2');
INSERT INTO `tbl_emp` VALUES ('712', '404c7708', 'M', 'bbbb@qq.com', '2');
INSERT INTO `tbl_emp` VALUES ('713', 'fa12c709', 'M', 'bbbb@qq.com', '2');
INSERT INTO `tbl_emp` VALUES ('714', 'a7409710', 'M', 'bbbb@qq.com', '2');
INSERT INTO `tbl_emp` VALUES ('715', 'c0275711', 'M', 'bbbb@qq.com', '2');
INSERT INTO `tbl_emp` VALUES ('716', '8ca34712', 'M', 'bbbb@qq.com', '2');
INSERT INTO `tbl_emp` VALUES ('717', 'aaeee713', 'M', 'bbbb@qq.com', '2');
INSERT INTO `tbl_emp` VALUES ('718', '86e5c714', 'M', 'bbbb@qq.com', '2');
INSERT INTO `tbl_emp` VALUES ('719', '7e62d715', 'M', 'bbbb@qq.com', '2');
INSERT INTO `tbl_emp` VALUES ('720', '00458716', 'M', 'bbbb@qq.com', '2');
INSERT INTO `tbl_emp` VALUES ('721', '7711c717', 'M', 'bbbb@qq.com', '2');
INSERT INTO `tbl_emp` VALUES ('722', '864c8718', 'M', 'bbbb@qq.com', '2');
INSERT INTO `tbl_emp` VALUES ('723', 'a913a719', 'M', 'bbbb@qq.com', '2');
INSERT INTO `tbl_emp` VALUES ('724', '61c78720', 'M', 'bbbb@qq.com', '2');
INSERT INTO `tbl_emp` VALUES ('725', 'aa22a721', 'M', 'bbbb@qq.com', '2');
INSERT INTO `tbl_emp` VALUES ('726', '4a3a8722', 'M', 'bbbb@qq.com', '2');
INSERT INTO `tbl_emp` VALUES ('727', '65be9723', 'M', 'bbbb@qq.com', '2');
INSERT INTO `tbl_emp` VALUES ('728', '2de3d724', 'M', 'bbbb@qq.com', '2');
INSERT INTO `tbl_emp` VALUES ('729', 'baecf725', 'M', 'bbbb@qq.com', '2');
INSERT INTO `tbl_emp` VALUES ('730', '5320b726', 'M', 'bbbb@qq.com', '2');
INSERT INTO `tbl_emp` VALUES ('731', '94492727', 'M', 'bbbb@qq.com', '2');
INSERT INTO `tbl_emp` VALUES ('732', 'ce0eb728', 'M', 'bbbb@qq.com', '2');
INSERT INTO `tbl_emp` VALUES ('733', '07ab3729', 'M', 'bbbb@qq.com', '2');
INSERT INTO `tbl_emp` VALUES ('734', '7037f730', 'M', 'bbbb@qq.com', '2');
INSERT INTO `tbl_emp` VALUES ('735', '15ba9731', 'M', 'bbbb@qq.com', '2');
INSERT INTO `tbl_emp` VALUES ('736', '9112d732', 'M', 'bbbb@qq.com', '2');
INSERT INTO `tbl_emp` VALUES ('737', '29024733', 'M', 'bbbb@qq.com', '2');
INSERT INTO `tbl_emp` VALUES ('738', '93fba734', 'M', 'bbbb@qq.com', '2');
INSERT INTO `tbl_emp` VALUES ('739', '2265f735', 'M', 'bbbb@qq.com', '2');
INSERT INTO `tbl_emp` VALUES ('740', 'b67d3736', 'M', 'bbbb@qq.com', '2');
INSERT INTO `tbl_emp` VALUES ('741', '39485737', 'M', 'bbbb@qq.com', '2');
INSERT INTO `tbl_emp` VALUES ('742', '4770f738', 'M', 'bbbb@qq.com', '2');
INSERT INTO `tbl_emp` VALUES ('743', '25775739', 'M', 'bbbb@qq.com', '2');
INSERT INTO `tbl_emp` VALUES ('744', '0b0f6740', 'M', 'bbbb@qq.com', '2');
INSERT INTO `tbl_emp` VALUES ('745', 'da897741', 'M', 'bbbb@qq.com', '2');
INSERT INTO `tbl_emp` VALUES ('746', 'e3745742', 'M', 'bbbb@qq.com', '2');
INSERT INTO `tbl_emp` VALUES ('747', '3adc2743', 'M', 'bbbb@qq.com', '2');
INSERT INTO `tbl_emp` VALUES ('748', '593d5744', 'M', 'bbbb@qq.com', '2');
INSERT INTO `tbl_emp` VALUES ('749', '83e32745', 'M', 'bbbb@qq.com', '2');
INSERT INTO `tbl_emp` VALUES ('750', '1006a746', 'M', 'bbbb@qq.com', '2');
INSERT INTO `tbl_emp` VALUES ('751', '76dee747', 'M', 'bbbb@qq.com', '2');
INSERT INTO `tbl_emp` VALUES ('752', 'e5fbc748', 'M', 'bbbb@qq.com', '2');
INSERT INTO `tbl_emp` VALUES ('753', '87526749', 'M', 'bbbb@qq.com', '2');
INSERT INTO `tbl_emp` VALUES ('754', '2541c750', 'M', 'bbbb@qq.com', '2');
INSERT INTO `tbl_emp` VALUES ('755', '708c1751', 'M', 'bbbb@qq.com', '2');
INSERT INTO `tbl_emp` VALUES ('756', '0da3d752', 'M', 'bbbb@qq.com', '2');
INSERT INTO `tbl_emp` VALUES ('757', 'a41b1753', 'M', 'bbbb@qq.com', '2');
INSERT INTO `tbl_emp` VALUES ('758', 'ec495754', 'M', 'bbbb@qq.com', '2');
INSERT INTO `tbl_emp` VALUES ('759', '54774755', 'M', 'bbbb@qq.com', '2');
INSERT INTO `tbl_emp` VALUES ('760', '3c670756', 'M', 'bbbb@qq.com', '2');
INSERT INTO `tbl_emp` VALUES ('761', '8ed6b757', 'M', 'bbbb@qq.com', '2');
INSERT INTO `tbl_emp` VALUES ('762', 'e28f5758', 'M', 'bbbb@qq.com', '2');
INSERT INTO `tbl_emp` VALUES ('763', '93853759', 'M', 'bbbb@qq.com', '2');
INSERT INTO `tbl_emp` VALUES ('764', '9fb54760', 'M', 'bbbb@qq.com', '2');
INSERT INTO `tbl_emp` VALUES ('765', '4cd51761', 'M', 'bbbb@qq.com', '2');
INSERT INTO `tbl_emp` VALUES ('766', 'd75f3762', 'M', 'bbbb@qq.com', '2');
INSERT INTO `tbl_emp` VALUES ('767', 'd4317763', 'M', 'bbbb@qq.com', '2');
INSERT INTO `tbl_emp` VALUES ('768', 'bf3f7764', 'M', 'bbbb@qq.com', '2');
INSERT INTO `tbl_emp` VALUES ('769', '18e89765', 'M', 'bbbb@qq.com', '2');
INSERT INTO `tbl_emp` VALUES ('770', '6d7cf766', 'M', 'bbbb@qq.com', '2');
INSERT INTO `tbl_emp` VALUES ('771', 'd4b79767', 'M', 'bbbb@qq.com', '2');
INSERT INTO `tbl_emp` VALUES ('772', '807b0768', 'M', 'bbbb@qq.com', '2');
INSERT INTO `tbl_emp` VALUES ('773', '5af81769', 'M', 'bbbb@qq.com', '2');
INSERT INTO `tbl_emp` VALUES ('774', '78614770', 'M', 'bbbb@qq.com', '2');
INSERT INTO `tbl_emp` VALUES ('775', 'b61ba771', 'M', 'bbbb@qq.com', '2');
INSERT INTO `tbl_emp` VALUES ('776', '95eb6772', 'M', 'bbbb@qq.com', '2');
INSERT INTO `tbl_emp` VALUES ('777', '93c53773', 'M', 'bbbb@qq.com', '2');
INSERT INTO `tbl_emp` VALUES ('778', '4c1bc774', 'M', 'bbbb@qq.com', '2');
INSERT INTO `tbl_emp` VALUES ('779', 'ec531775', 'M', 'bbbb@qq.com', '2');
INSERT INTO `tbl_emp` VALUES ('780', 'ee1a0776', 'M', 'bbbb@qq.com', '2');
INSERT INTO `tbl_emp` VALUES ('781', '6be99777', 'M', 'bbbb@qq.com', '2');
INSERT INTO `tbl_emp` VALUES ('782', '89177778', 'M', 'bbbb@qq.com', '2');
INSERT INTO `tbl_emp` VALUES ('783', 'd05b3779', 'M', 'bbbb@qq.com', '2');
INSERT INTO `tbl_emp` VALUES ('784', 'f4036780', 'M', 'bbbb@qq.com', '2');
INSERT INTO `tbl_emp` VALUES ('785', '5939b781', 'M', 'bbbb@qq.com', '2');
INSERT INTO `tbl_emp` VALUES ('786', '7e99d782', 'M', 'bbbb@qq.com', '2');
INSERT INTO `tbl_emp` VALUES ('787', 'c6906783', 'M', 'bbbb@qq.com', '2');
INSERT INTO `tbl_emp` VALUES ('788', '47e82784', 'M', 'bbbb@qq.com', '2');
INSERT INTO `tbl_emp` VALUES ('789', 'c1cf5785', 'M', 'bbbb@qq.com', '2');
INSERT INTO `tbl_emp` VALUES ('790', '44ce2786', 'M', 'bbbb@qq.com', '2');
INSERT INTO `tbl_emp` VALUES ('791', '0f0ee787', 'M', 'bbbb@qq.com', '2');
INSERT INTO `tbl_emp` VALUES ('792', '7d796788', 'M', 'bbbb@qq.com', '2');
INSERT INTO `tbl_emp` VALUES ('793', 'a40f2789', 'M', 'bbbb@qq.com', '2');
INSERT INTO `tbl_emp` VALUES ('794', 'c1ce7790', 'M', 'bbbb@qq.com', '2');
INSERT INTO `tbl_emp` VALUES ('795', 'bb862791', 'M', 'bbbb@qq.com', '2');
INSERT INTO `tbl_emp` VALUES ('796', 'e9c32792', 'M', 'bbbb@qq.com', '2');
INSERT INTO `tbl_emp` VALUES ('797', 'eb451793', 'M', 'bbbb@qq.com', '2');
INSERT INTO `tbl_emp` VALUES ('798', 'f94c4794', 'M', 'bbbb@qq.com', '2');
INSERT INTO `tbl_emp` VALUES ('799', '6c37a795', 'M', 'bbbb@qq.com', '2');
INSERT INTO `tbl_emp` VALUES ('800', '864a9796', 'M', 'bbbb@qq.com', '2');
INSERT INTO `tbl_emp` VALUES ('801', '73435797', 'M', 'bbbb@qq.com', '2');
INSERT INTO `tbl_emp` VALUES ('802', 'd49d9798', 'M', 'bbbb@qq.com', '2');
INSERT INTO `tbl_emp` VALUES ('803', '6f2b1799', 'M', 'bbbb@qq.com', '2');
INSERT INTO `tbl_emp` VALUES ('804', 'f2d10800', 'M', 'bbbb@qq.com', '2');
INSERT INTO `tbl_emp` VALUES ('805', '0a3c9801', 'M', 'bbbb@qq.com', '2');
INSERT INTO `tbl_emp` VALUES ('806', 'b757c802', 'M', 'bbbb@qq.com', '2');
INSERT INTO `tbl_emp` VALUES ('807', 'ecd28803', 'M', 'bbbb@qq.com', '2');
INSERT INTO `tbl_emp` VALUES ('808', 'f561e804', 'M', 'bbbb@qq.com', '2');
INSERT INTO `tbl_emp` VALUES ('809', 'a14b8805', 'M', 'bbbb@qq.com', '2');
INSERT INTO `tbl_emp` VALUES ('810', 'f0304806', 'M', 'bbbb@qq.com', '2');
INSERT INTO `tbl_emp` VALUES ('811', 'fd620807', 'M', 'bbbb@qq.com', '2');
INSERT INTO `tbl_emp` VALUES ('812', '92f1b808', 'M', 'bbbb@qq.com', '2');
INSERT INTO `tbl_emp` VALUES ('813', '119b2809', 'M', 'bbbb@qq.com', '2');
INSERT INTO `tbl_emp` VALUES ('814', '5f5f3810', 'M', 'bbbb@qq.com', '2');
INSERT INTO `tbl_emp` VALUES ('815', '19bae811', 'M', 'bbbb@qq.com', '2');
INSERT INTO `tbl_emp` VALUES ('816', 'd9b7c812', 'M', 'bbbb@qq.com', '2');
INSERT INTO `tbl_emp` VALUES ('817', 'a95e4813', 'M', 'bbbb@qq.com', '2');
INSERT INTO `tbl_emp` VALUES ('818', 'a2b20814', 'M', 'bbbb@qq.com', '2');
INSERT INTO `tbl_emp` VALUES ('819', '82082815', 'M', 'bbbb@qq.com', '2');
INSERT INTO `tbl_emp` VALUES ('820', '6b305816', 'M', 'bbbb@qq.com', '2');
INSERT INTO `tbl_emp` VALUES ('821', '5c557817', 'M', 'bbbb@qq.com', '2');
INSERT INTO `tbl_emp` VALUES ('822', 'a2c15818', 'M', 'bbbb@qq.com', '2');
INSERT INTO `tbl_emp` VALUES ('823', 'c90eb819', 'M', 'bbbb@qq.com', '2');
INSERT INTO `tbl_emp` VALUES ('824', '3a37b820', 'M', 'bbbb@qq.com', '2');
INSERT INTO `tbl_emp` VALUES ('825', 'e7f1c821', 'M', 'bbbb@qq.com', '2');
INSERT INTO `tbl_emp` VALUES ('826', '0f26c822', 'M', 'bbbb@qq.com', '2');
INSERT INTO `tbl_emp` VALUES ('827', '24fa4823', 'M', 'bbbb@qq.com', '2');
INSERT INTO `tbl_emp` VALUES ('828', '28358824', 'M', 'bbbb@qq.com', '2');
INSERT INTO `tbl_emp` VALUES ('829', '4dfb0825', 'M', 'bbbb@qq.com', '2');
INSERT INTO `tbl_emp` VALUES ('830', 'bd616826', 'M', 'bbbb@qq.com', '2');
INSERT INTO `tbl_emp` VALUES ('831', 'edd32827', 'M', 'bbbb@qq.com', '2');
INSERT INTO `tbl_emp` VALUES ('832', '1ce8e828', 'M', 'bbbb@qq.com', '2');
INSERT INTO `tbl_emp` VALUES ('833', '060ee829', 'M', 'bbbb@qq.com', '2');
INSERT INTO `tbl_emp` VALUES ('834', '69d31830', 'M', 'bbbb@qq.com', '2');
INSERT INTO `tbl_emp` VALUES ('835', '75760831', 'M', 'bbbb@qq.com', '2');
INSERT INTO `tbl_emp` VALUES ('836', 'c47e2832', 'M', 'bbbb@qq.com', '2');
INSERT INTO `tbl_emp` VALUES ('837', '6f638833', 'M', 'bbbb@qq.com', '2');
INSERT INTO `tbl_emp` VALUES ('838', '4aca9834', 'M', 'bbbb@qq.com', '2');
INSERT INTO `tbl_emp` VALUES ('839', '444c4835', 'M', 'bbbb@qq.com', '2');
INSERT INTO `tbl_emp` VALUES ('840', '892b0836', 'M', 'bbbb@qq.com', '2');
INSERT INTO `tbl_emp` VALUES ('841', '28cc5837', 'M', 'bbbb@qq.com', '2');
INSERT INTO `tbl_emp` VALUES ('842', '1b439838', 'M', 'bbbb@qq.com', '2');
INSERT INTO `tbl_emp` VALUES ('843', 'd007c839', 'M', 'bbbb@qq.com', '2');
INSERT INTO `tbl_emp` VALUES ('844', '2a505840', 'M', 'bbbb@qq.com', '2');
INSERT INTO `tbl_emp` VALUES ('845', 'f6b93841', 'M', 'bbbb@qq.com', '2');
INSERT INTO `tbl_emp` VALUES ('846', 'a471c842', 'M', 'bbbb@qq.com', '2');
INSERT INTO `tbl_emp` VALUES ('847', 'd5776843', 'M', 'bbbb@qq.com', '2');
INSERT INTO `tbl_emp` VALUES ('848', 'b8120844', 'M', 'bbbb@qq.com', '2');
INSERT INTO `tbl_emp` VALUES ('849', '0dcdd845', 'M', 'bbbb@qq.com', '2');
INSERT INTO `tbl_emp` VALUES ('850', '99c47846', 'M', 'bbbb@qq.com', '2');
INSERT INTO `tbl_emp` VALUES ('851', '4393f847', 'M', 'bbbb@qq.com', '2');
INSERT INTO `tbl_emp` VALUES ('852', '219e2848', 'M', 'bbbb@qq.com', '2');
INSERT INTO `tbl_emp` VALUES ('853', 'acf54849', 'M', 'bbbb@qq.com', '2');
INSERT INTO `tbl_emp` VALUES ('854', '93e32850', 'M', 'bbbb@qq.com', '2');
INSERT INTO `tbl_emp` VALUES ('855', '6215e851', 'M', 'bbbb@qq.com', '2');
INSERT INTO `tbl_emp` VALUES ('856', '1523d852', 'M', 'bbbb@qq.com', '2');
INSERT INTO `tbl_emp` VALUES ('857', '52036853', 'M', 'bbbb@qq.com', '2');
INSERT INTO `tbl_emp` VALUES ('858', '4ac4c854', 'M', 'bbbb@qq.com', '2');
INSERT INTO `tbl_emp` VALUES ('859', 'da0f9855', 'M', 'bbbb@qq.com', '2');
INSERT INTO `tbl_emp` VALUES ('860', '5eb41856', 'M', 'bbbb@qq.com', '2');
INSERT INTO `tbl_emp` VALUES ('861', '8c2b9857', 'M', 'bbbb@qq.com', '2');
INSERT INTO `tbl_emp` VALUES ('862', 'c6380858', 'M', 'bbbb@qq.com', '2');
INSERT INTO `tbl_emp` VALUES ('863', '0bad1859', 'M', 'bbbb@qq.com', '2');
INSERT INTO `tbl_emp` VALUES ('864', 'af090860', 'M', 'bbbb@qq.com', '2');
INSERT INTO `tbl_emp` VALUES ('865', 'bc52b861', 'M', 'bbbb@qq.com', '2');
INSERT INTO `tbl_emp` VALUES ('866', '66da5862', 'M', 'bbbb@qq.com', '2');
INSERT INTO `tbl_emp` VALUES ('867', '7af51863', 'M', 'bbbb@qq.com', '2');
INSERT INTO `tbl_emp` VALUES ('868', '076d1864', 'M', 'bbbb@qq.com', '2');
INSERT INTO `tbl_emp` VALUES ('869', 'ba061865', 'M', 'bbbb@qq.com', '2');
INSERT INTO `tbl_emp` VALUES ('870', '72889866', 'M', 'bbbb@qq.com', '2');
INSERT INTO `tbl_emp` VALUES ('871', 'd6860867', 'M', 'bbbb@qq.com', '2');
INSERT INTO `tbl_emp` VALUES ('872', 'b0120868', 'M', 'bbbb@qq.com', '2');
INSERT INTO `tbl_emp` VALUES ('873', '9efc1869', 'M', 'bbbb@qq.com', '2');
INSERT INTO `tbl_emp` VALUES ('874', '4adda870', 'M', 'bbbb@qq.com', '2');
INSERT INTO `tbl_emp` VALUES ('875', '019bb871', 'M', 'bbbb@qq.com', '2');
INSERT INTO `tbl_emp` VALUES ('876', '46aa5872', 'M', 'bbbb@qq.com', '2');
INSERT INTO `tbl_emp` VALUES ('877', '5c9e4873', 'M', 'bbbb@qq.com', '2');
INSERT INTO `tbl_emp` VALUES ('878', 'b46ca874', 'M', 'bbbb@qq.com', '2');
INSERT INTO `tbl_emp` VALUES ('879', 'b1db9875', 'M', 'bbbb@qq.com', '2');
INSERT INTO `tbl_emp` VALUES ('880', '7c314876', 'M', 'bbbb@qq.com', '2');
INSERT INTO `tbl_emp` VALUES ('881', '8e6d9877', 'M', 'bbbb@qq.com', '2');
INSERT INTO `tbl_emp` VALUES ('882', '9fccc878', 'M', 'bbbb@qq.com', '2');
INSERT INTO `tbl_emp` VALUES ('883', '8edf4879', 'M', 'bbbb@qq.com', '2');
INSERT INTO `tbl_emp` VALUES ('884', '83de7880', 'M', 'bbbb@qq.com', '2');
INSERT INTO `tbl_emp` VALUES ('885', '592a8881', 'M', 'bbbb@qq.com', '2');
INSERT INTO `tbl_emp` VALUES ('886', '31fbc882', 'M', 'bbbb@qq.com', '2');
INSERT INTO `tbl_emp` VALUES ('887', '545a1883', 'M', 'bbbb@qq.com', '2');
INSERT INTO `tbl_emp` VALUES ('888', 'dbfc3884', 'M', 'bbbb@qq.com', '2');
INSERT INTO `tbl_emp` VALUES ('889', 'd12b1885', 'M', 'bbbb@qq.com', '2');
INSERT INTO `tbl_emp` VALUES ('890', '1be31886', 'M', 'bbbb@qq.com', '2');
INSERT INTO `tbl_emp` VALUES ('891', '222a8887', 'M', 'bbbb@qq.com', '2');
INSERT INTO `tbl_emp` VALUES ('892', 'e316b888', 'M', 'bbbb@qq.com', '2');
INSERT INTO `tbl_emp` VALUES ('893', '0d95f889', 'M', 'bbbb@qq.com', '2');
INSERT INTO `tbl_emp` VALUES ('894', '91bce890', 'M', 'bbbb@qq.com', '2');
INSERT INTO `tbl_emp` VALUES ('895', '4f088891', 'M', 'bbbb@qq.com', '2');
INSERT INTO `tbl_emp` VALUES ('896', '350ce892', 'M', 'bbbb@qq.com', '2');
INSERT INTO `tbl_emp` VALUES ('897', '4ebe6893', 'M', 'bbbb@qq.com', '2');
INSERT INTO `tbl_emp` VALUES ('898', 'bc030894', 'M', 'bbbb@qq.com', '2');
INSERT INTO `tbl_emp` VALUES ('899', 'a441d895', 'M', 'bbbb@qq.com', '2');
INSERT INTO `tbl_emp` VALUES ('900', 'c168f896', 'M', 'bbbb@qq.com', '2');
INSERT INTO `tbl_emp` VALUES ('901', '5e205897', 'M', 'bbbb@qq.com', '2');
INSERT INTO `tbl_emp` VALUES ('902', 'e8136898', 'M', 'bbbb@qq.com', '2');
INSERT INTO `tbl_emp` VALUES ('903', 'd5318899', 'M', 'bbbb@qq.com', '2');
INSERT INTO `tbl_emp` VALUES ('904', '48133900', 'M', 'bbbb@qq.com', '2');
INSERT INTO `tbl_emp` VALUES ('905', '313eb901', 'M', 'bbbb@qq.com', '2');
INSERT INTO `tbl_emp` VALUES ('906', '37e6d902', 'M', 'bbbb@qq.com', '2');
INSERT INTO `tbl_emp` VALUES ('907', '1e145903', 'M', 'bbbb@qq.com', '2');
INSERT INTO `tbl_emp` VALUES ('908', '07ef3904', 'M', 'bbbb@qq.com', '2');
INSERT INTO `tbl_emp` VALUES ('909', '5da30905', 'M', 'bbbb@qq.com', '2');
INSERT INTO `tbl_emp` VALUES ('910', 'fe637906', 'M', 'bbbb@qq.com', '2');
INSERT INTO `tbl_emp` VALUES ('911', 'c0328907', 'M', 'bbbb@qq.com', '2');
INSERT INTO `tbl_emp` VALUES ('912', '5941f908', 'M', 'bbbb@qq.com', '2');
INSERT INTO `tbl_emp` VALUES ('913', '5959c909', 'M', 'bbbb@qq.com', '2');
INSERT INTO `tbl_emp` VALUES ('914', '4ea5b910', 'M', 'bbbb@qq.com', '2');
INSERT INTO `tbl_emp` VALUES ('915', 'd5c6b911', 'M', 'bbbb@qq.com', '2');
INSERT INTO `tbl_emp` VALUES ('916', '0ee18912', 'M', 'bbbb@qq.com', '2');
INSERT INTO `tbl_emp` VALUES ('917', '99870913', 'M', 'bbbb@qq.com', '2');
INSERT INTO `tbl_emp` VALUES ('918', '6ccfe914', 'M', 'bbbb@qq.com', '2');
INSERT INTO `tbl_emp` VALUES ('919', 'cd3ce915', 'M', 'bbbb@qq.com', '2');
INSERT INTO `tbl_emp` VALUES ('920', '51cca916', 'M', 'bbbb@qq.com', '2');
INSERT INTO `tbl_emp` VALUES ('921', 'bf6d7917', 'M', 'bbbb@qq.com', '2');
INSERT INTO `tbl_emp` VALUES ('922', 'efdd8918', 'M', 'bbbb@qq.com', '2');
INSERT INTO `tbl_emp` VALUES ('923', '3f6dc919', 'M', 'bbbb@qq.com', '2');
INSERT INTO `tbl_emp` VALUES ('924', '3c8ee920', 'M', 'bbbb@qq.com', '2');
INSERT INTO `tbl_emp` VALUES ('925', '90bf9921', 'M', 'bbbb@qq.com', '2');
INSERT INTO `tbl_emp` VALUES ('926', 'de0a6922', 'M', 'bbbb@qq.com', '2');
INSERT INTO `tbl_emp` VALUES ('927', 'be7ef923', 'M', 'bbbb@qq.com', '2');
INSERT INTO `tbl_emp` VALUES ('928', 'b3783924', 'M', 'bbbb@qq.com', '2');
INSERT INTO `tbl_emp` VALUES ('929', '8e3f1925', 'M', 'bbbb@qq.com', '2');
INSERT INTO `tbl_emp` VALUES ('930', '8f243926', 'M', 'bbbb@qq.com', '2');
INSERT INTO `tbl_emp` VALUES ('931', 'ad045927', 'M', 'bbbb@qq.com', '2');
INSERT INTO `tbl_emp` VALUES ('932', 'a6394928', 'M', 'bbbb@qq.com', '2');
INSERT INTO `tbl_emp` VALUES ('933', '3bffd929', 'M', 'bbbb@qq.com', '2');
INSERT INTO `tbl_emp` VALUES ('934', 'bb8d4930', 'M', 'bbbb@qq.com', '2');
INSERT INTO `tbl_emp` VALUES ('935', '5eccd931', 'M', 'bbbb@qq.com', '2');
INSERT INTO `tbl_emp` VALUES ('936', 'd3095932', 'M', 'bbbb@qq.com', '2');
INSERT INTO `tbl_emp` VALUES ('937', '2156f933', 'M', 'bbbb@qq.com', '2');
INSERT INTO `tbl_emp` VALUES ('938', 'be166934', 'M', 'bbbb@qq.com', '2');
INSERT INTO `tbl_emp` VALUES ('939', 'cf234935', 'M', 'bbbb@qq.com', '2');
INSERT INTO `tbl_emp` VALUES ('940', 'a96f0936', 'M', 'bbbb@qq.com', '2');
INSERT INTO `tbl_emp` VALUES ('941', '84654937', 'M', 'bbbb@qq.com', '2');
INSERT INTO `tbl_emp` VALUES ('942', '9e692938', 'M', 'bbbb@qq.com', '2');
INSERT INTO `tbl_emp` VALUES ('943', '99898939', 'M', 'bbbb@qq.com', '2');
INSERT INTO `tbl_emp` VALUES ('944', '4b7db940', 'M', 'bbbb@qq.com', '2');
INSERT INTO `tbl_emp` VALUES ('945', 'e9e53941', 'M', 'bbbb@qq.com', '2');
INSERT INTO `tbl_emp` VALUES ('946', 'a892d942', 'M', 'bbbb@qq.com', '2');
INSERT INTO `tbl_emp` VALUES ('947', 'ac3d4943', 'M', 'bbbb@qq.com', '2');
INSERT INTO `tbl_emp` VALUES ('948', 'a7cb0944', 'M', 'bbbb@qq.com', '2');
INSERT INTO `tbl_emp` VALUES ('949', '0fba8945', 'M', 'bbbb@qq.com', '2');
INSERT INTO `tbl_emp` VALUES ('950', '76b1c946', 'M', 'bbbb@qq.com', '2');
INSERT INTO `tbl_emp` VALUES ('951', '90cab947', 'M', 'bbbb@qq.com', '2');
INSERT INTO `tbl_emp` VALUES ('952', 'bc641948', 'M', 'bbbb@qq.com', '2');
INSERT INTO `tbl_emp` VALUES ('953', 'b411b949', 'M', 'bbbb@qq.com', '2');
INSERT INTO `tbl_emp` VALUES ('954', 'bbcff950', 'M', 'bbbb@qq.com', '2');
INSERT INTO `tbl_emp` VALUES ('955', '1792b951', 'M', 'bbbb@qq.com', '2');
INSERT INTO `tbl_emp` VALUES ('956', '4b020952', 'M', 'bbbb@qq.com', '2');
INSERT INTO `tbl_emp` VALUES ('957', '1524e953', 'M', 'bbbb@qq.com', '2');
INSERT INTO `tbl_emp` VALUES ('958', '0acbc954', 'M', 'bbbb@qq.com', '2');
INSERT INTO `tbl_emp` VALUES ('959', '2e045955', 'M', 'bbbb@qq.com', '2');
INSERT INTO `tbl_emp` VALUES ('960', '26ad7956', 'M', 'bbbb@qq.com', '2');
INSERT INTO `tbl_emp` VALUES ('961', '3b6f0957', 'M', 'bbbb@qq.com', '2');
INSERT INTO `tbl_emp` VALUES ('962', '77bdc958', 'M', 'bbbb@qq.com', '2');
INSERT INTO `tbl_emp` VALUES ('963', '44e76959', 'M', 'bbbb@qq.com', '2');
INSERT INTO `tbl_emp` VALUES ('964', '9cc11960', 'M', 'bbbb@qq.com', '2');
INSERT INTO `tbl_emp` VALUES ('965', '4eb0c961', 'M', 'bbbb@qq.com', '2');
INSERT INTO `tbl_emp` VALUES ('966', 'd1e08962', 'M', 'bbbb@qq.com', '2');
INSERT INTO `tbl_emp` VALUES ('968', 'a748c964', 'M', 'bbbb@qq.com', '2');
INSERT INTO `tbl_emp` VALUES ('969', 'c0c09965', 'M', 'bbbb@qq.com', '2');
INSERT INTO `tbl_emp` VALUES ('970', '3e3b2966', 'M', 'bbbb@qq.com', '2');

-- ----------------------------
-- Table structure for `user`
-- ----------------------------
DROP TABLE IF EXISTS `user`;
CREATE TABLE `user` (
  `id` int(20) NOT NULL,
  `userName` varchar(20) DEFAULT NULL,
  `passwd` varchar(30) DEFAULT NULL,
  `email` varchar(30) DEFAULT NULL,
  PRIMARY KEY (`id`)
) ENGINE=InnoDB DEFAULT CHARSET=utf8;

-- ----------------------------
-- Records of user
-- ----------------------------
INSERT INTO `user` VALUES ('1', 'wzx', '123', '1099393970@qq.com');
INSERT INTO `user` VALUES ('2', 'lq', '123456', '1402325217@qq.com');

-- ----------------------------
-- Table structure for `xinzi`
-- ----------------------------
DROP TABLE IF EXISTS `xinzi`;
CREATE TABLE `xinzi` (
  `idl` int(20) NOT NULL AUTO_INCREMENT,
  `namel` varchar(20) DEFAULT NULL,
  `jintie` int(20) DEFAULT NULL,
  `jiaday` int(20) DEFAULT NULL,
  `gongday` int(20) DEFAULT NULL,
  `money` int(40) DEFAULT NULL,
  PRIMARY KEY (`idl`)
) ENGINE=InnoDB AUTO_INCREMENT=12 DEFAULT CHARSET=utf8;

-- ----------------------------
-- Records of xinzi
-- ----------------------------
INSERT INTO `xinzi` VALUES ('1', 'wzx', '3000', '9', '27', '12500');
INSERT INTO `xinzi` VALUES ('2', 'lq', '1300', '9', '21', '9200');
INSERT INTO `xinzi` VALUES ('3', 'csuc', '-200', '6', '27', '7800');
INSERT INTO `xinzi` VALUES ('4', 'dasa', '700', '9', '20', '9200');
INSERT INTO `xinzi` VALUES ('5', 'sfsa', '600', '5', '24', '7900');
INSERT INTO `xinzi` VALUES ('6', 'oyo', '400', '4', '23', '6600');
INSERT INTO `xinzi` VALUES ('7', 'fafa', '1300', '4', '24', '8100');
INSERT INTO `xinzi` VALUES ('8', 'dad', '400', '4', '23', '6600');
INSERT INTO `xinzi` VALUES ('9', 'dafa', '400', '4', '23', '6600');
INSERT INTO `xinzi` VALUES ('10', 'gdfgg', '400', '4', '23', '6600');
INSERT INTO `xinzi` VALUES ('11', 'bub', '400', '4', '23', '6600');

-- ----------------------------
-- Table structure for `zpb`
-- ----------------------------
DROP TABLE IF EXISTS `zpb`;
CREATE TABLE `zpb` (
  `zpempid` int(20) NOT NULL AUTO_INCREMENT,
  `zpempage` int(20) DEFAULT NULL,
  `zpempname` varchar(40) DEFAULT NULL,
  `zpgender` char(1) DEFAULT NULL,
  `workingage` int(20) DEFAULT NULL,
  `statu` varchar(10) DEFAULT NULL,
  PRIMARY KEY (`zpempid`)
) ENGINE=InnoDB AUTO_INCREMENT=21 DEFAULT CHARSET=utf8;

-- ----------------------------
-- Records of zpb
-- ----------------------------
INSERT INTO `zpb` VALUES ('7', '24', '李青', 'F', '1', '未录用');
INSERT INTO `zpb` VALUES ('9', '22', '朱家辉', 'M', '3', '未录用');
INSERT INTO `zpb` VALUES ('10', '24', '王恒志', 'M', '5', '未录用');
INSERT INTO `zpb` VALUES ('11', '23', '李干', 'M', '4', '未录用');
INSERT INTO `zpb` VALUES ('12', '21', '周河池', 'M', '4', '未录用');
INSERT INTO `zpb` VALUES ('13', '22', '蒋玉林', 'M', '5', '未录用');
INSERT INTO `zpb` VALUES ('14', '21', '蒋志豪', 'M', '4', '未录用');
INSERT INTO `zpb` VALUES ('15', '23', '江志豪', 'M', '3', '未录用');
INSERT INTO `zpb` VALUES ('16', '22', '任銮', 'F', '4', '未录用');
INSERT INTO `zpb` VALUES ('17', '21', '周乐玭', 'M', '2', '未录用');
INSERT INTO `zpb` VALUES ('18', '22', '助夫妇', 'F', '3', '未录用');
INSERT INTO `zpb` VALUES ('19', '23', '发发发', 'M', '5', '已录用');
INSERT INTO `zpb` VALUES ('20', '20', '精灵就', 'F', '6', '未录用');
